hepatitis_b_vaccine_recombinant	engerix_b	hepatitis_b_vaccine_(recombinant)¥hepatitis_b_vaccine_recombinant¥hepatitis b vaccine (recombinant)¥hepatitis b vaccine recombinant	Engerix-B¥EngerixB¥engerix_b¥Engerix_B¥engerix b¥Engerix B¥engerix-b¥engerixb
hepatitis_b_vaccine_recombinant	recombivax	hepatitis_b_vaccine_(recombinant)¥hepatitis_b_vaccine_recombinant¥hepatitis b vaccine (recombinant)¥hepatitis b vaccine recombinant	recombivax
hepatitis_b_vaccine_recombinant	nabi_hb	hepatitis_b_vaccine_(recombinant)¥hepatitis_b_vaccine_recombinant¥hepatitis b vaccine (recombinant)¥hepatitis b vaccine recombinant	nabi hb¥nabi_hb¥nabi-hb¥nabihb
heplisav_b	hepatitis_b_vaccine_solution_for_intramuscular_injection	Heplisav_B¥heplisav-b¥heplisav b¥heplisavb¥heplisav_b¥Heplisav-B¥Heplisav B¥HeplisavB	hepatitis_b_vaccine_solution_for_intramuscular_injection
hep_b_vaccine	engerix_b	hep_b_vaccine¥hepb_vaccine¥hep b_vaccine	engerix b¥engerix-b¥engerixb¥engerix_b
hep_b_vaccine	recombivax_hb	hep_b_vaccine¥hepb_vaccine¥hep b_vaccine	recombivaxhb¥recombivax hb¥recombivax_hb
hep_b_vaccine	heplisav_b	hep_b_vaccine¥hepb_vaccine¥hep b_vaccine	heplisav-b¥heplisav b¥heplisavb¥heplisav_b
hep_b_vaccine	genhevac_b	hep_b_vaccine¥hepb_vaccine¥hep b_vaccine	genhevacb¥genhevac_b¥genhevac b
hep_b_vaccine	hep_b_(engerix_b)	hep_b_vaccine¥hepb_vaccine¥hep b_vaccine	hep_b_engerix_b
sanofi_pasteur	sanofi_pasteur_inc	sanofi_pasteur	sanofi_pasteur_inc
sanofi_pasteur	sanofi_pasteur_ltd	sanofi_pasteur	sanofi_pasteur_ltd
sanofi_pasteur	sanofi_pasteur_limited	sanofi_pasteur	sanofi_pasteur_limited
smithkline_beecham	smithkline_beecham_gmbh	smithkline_beecham	smithkline_beecham_gmbh
smithkline_beecham	smithkline_beecham_inc	smithkline_beecham	smithkline_beecham_inc
smithkline_beecham	smithkline_beecham_co	smithkline_beecham	smithkline_beecham_co
smithkline_beecham	smithkline_beecham_plc	smithkline_beecham	smithkline_beecham_plc
smithkline_beecham	smithkline_beecham_corp	smithkline_beecham	smithkline_beecham_corp
smithkline_beecham	smithkline_beecham_ltd	smithkline_beecham	smithkline_beecham_ltd
dynavax_technologies_corporation	dynavax_technologies	dynavax_technology_corporation¥dynavax_technologies_corporations¥dynavax_technologies_corporation	dynavax_technologies¥dynavax_technology
dynavax_technologies_corporation	dynavax	dynavax_technology_corporation¥dynavax_technologies_corporations¥dynavax_technologies_corporation	dynavax
dynavax_technologies_corporation	dynavax_technologies_corp	dynavax_technology_corporation¥dynavax_technologies_corporations¥dynavax_technologies_corporation	dynavax_technologies_corp
dynavax_technologies_corporation	dynavax_technologies_inc	dynavax_technology_corporation¥dynavax_technologies_corporations¥dynavax_technologies_corporation	dynavax_technologies_inc
glaxosmithkline_biologicals	glaxosmithkline_biologicals_plc	glaxosmithkline_biologicals	glaxosmithkline_biologicals_plc
merck_&_co_inc	merck_&_co	merck_co_inc¥merck_&_co_inc¥merck_and_co_inc	merck_&_co¥merck_and_co¥merck_co
influenza_vaccine	flucelvax_quadrivalent	influenza_vaccine¥influenzavaccine¥influenza vaccine	flucelvax quadrivalent¥flucelvax_quadrivalent
influenza_vaccine	fluarix_quadrivalent	influenza_vaccine¥influenzavaccine¥influenza vaccine	fluarixquadrivalent¥fluarix_quadrivalent¥fluarix quadrivalent
influenza_vaccine	fluzone_quadrivalent	influenza_vaccine¥influenzavaccine¥influenza vaccine	fluzone quadrivalent¥fluzonequadrivalent¥fluzone_quadrivalent
influenza_vaccine	flublok	influenza_vaccine¥influenzavaccine¥influenza vaccine	flublok
influenza_vaccine	flucelvax	influenza_vaccine¥influenzavaccine¥influenza vaccine	flucelvax
influenza_vaccine	flublok_quadrivalent	influenza_vaccine¥influenzavaccine¥influenza vaccine	flublok quadrivalent¥flublok_quadrivalent¥flublokquadrivalent
influenza_vaccine	flulaval	influenza_vaccine¥influenzavaccine¥influenza vaccine	flulaval
influenza_vaccine	fluzone_intradermal_quadrivalent	influenza_vaccine¥influenzavaccine¥influenza vaccine	fluzone_intradermal_quadrivalent¥fluzone intradermal quadrivalent
influenza_virus_vaccine	fluarix	influenza_virus_vaccine¥influenza virus vaccine¥influenzavirusvaccine	fluarix¥Fluarix
influenza_virus_vaccine	afluria	influenza_virus_vaccine¥influenza virus vaccine¥influenzavirusvaccine	afluria¥Afluria
influenza_virus_vaccine	fluvirin	influenza_virus_vaccine¥influenza virus vaccine¥influenzavirusvaccine	fluvirin
influenza_virus_vaccine	fluzone	influenza_virus_vaccine¥influenza virus vaccine¥influenzavirusvaccine	fluzone
flumist	influenza_vaccine_live	flumist¥FluMist	influenza vaccine live¥influenza_vaccine_live
agriflu	influenza_virus_vaccine_for_intramuscular_injection	agriflu	influenza virus vaccine for intramuscular injection¥influenza_virus_vaccine_for_intramuscular_injection
fluad	influenza_virus_vaccine_surface_antigen_inactivated_adjuvanted_with_mf59c_1	fluad¥Fluad	influenza_virus_vaccine_surface_antigen_inactivated_adjuvanted_with_mf59c_1
flu_vaccine	fluzone_highdose	flu_vaccine¥fluvaccine¥flu vaccine	fluzone high_dose¥fluzone highdose¥FluzoneHigh-Dose¥fluzone high dose¥Fluzone High_Dose¥fluzone_high_dose¥Fluzone High Dose¥fluzonehigh_dose¥Fluzone HighDose¥fluzone high-dose¥fluzone_highdose¥fluzonehigh-dose¥Fluzone High-Dose
afluria_quadrivalent	afluria_quadrivalent_2016	afluria quadrivalent¥afluria_quadrivalent	afluria_quadrivalent_2016
influenza_vaccine	fluad_quadrivalent	influenza_vaccine¥influenzavaccine¥influenza vaccine	fluad quadrivalent¥fluad_quadrivalent
influenza_vaccine	fluarix	influenza_vaccine¥influenzavaccine¥influenza vaccine	fluarix
influenza_vaccine	flumist	influenza_vaccine¥influenzavaccine¥influenza vaccine	flumist
influenza_vaccine	fluenz	influenza_vaccine¥influenzavaccine¥influenza vaccine	fluenz
influenza_vaccine	pandemic_flu_vaccine_(h5n1)	influenza_vaccine¥influenzavaccine¥influenza vaccine	pandemic_flu_vaccine_(h5n1)
influenza_vaccine	tiv_quebec	influenza_vaccine¥influenzavaccine¥influenza vaccine	tiv quebec¥tiv_quebec
influenza_vaccine	qiv_quebec	influenza_vaccine¥influenzavaccine¥influenza vaccine	qiv_quebec
influenza_vaccine	agriflu	influenza_vaccine¥influenzavaccine¥influenza vaccine	agriflu
influenza_vaccine	afluria	influenza_vaccine¥influenzavaccine¥influenza vaccine	afluria
influenza_vaccine	fluzone_high_dose_quadrivalent	influenza_vaccine¥influenzavaccine¥influenza vaccine	fluzone high dose quadrivalent¥fluzone high-dose quadrivalent¥fluzone_high_dose_quadrivalent¥fluzonehighdosequadrivalent¥fluzone high_dose quadrivalent
influenza_vaccine	optaflu	influenza_vaccine¥influenzavaccine¥influenza vaccine	optaflu
influenza_vaccine	tiv_dresden	influenza_vaccine¥influenzavaccine¥influenza vaccine	tiv_dresden
influenza_vaccine	fluenz_tetra	influenza_vaccine¥influenzavaccine¥influenza vaccine	fluenz tetra¥fluenz_tetra¥fluenztetra
influenza_vaccine	flu_imune	influenza_vaccine¥influenzavaccine¥influenza vaccine	flu imune¥flu_imune¥flu-imune¥fluimune
influenza_vaccine	fluvirin	influenza_vaccine¥influenzavaccine¥influenza vaccine	fluvirin
influenza_vaccine	fluzone	influenza_vaccine¥influenzavaccine¥influenza vaccine	fluzone
influenza_vaccine	fluad	influenza_vaccine¥influenzavaccine¥influenza vaccine	fluad
influenza_vaccine	flulaval_quadrivalent	influenza_vaccine¥influenzavaccine¥influenza vaccine	flulaval quadrivalent¥flulaval_quadrivalent
influenza_vaccine	chiromas	influenza_vaccine¥influenzavaccine¥influenza vaccine	chiromas
influenza_vaccine	qiv_dresden	influenza_vaccine¥influenzavaccine¥influenza vaccine	qiv_dresden
influenza_vaccine	fluzone_highdose	influenza_vaccine¥influenzavaccine¥influenza vaccine	fluzone high_dose¥fluzone highdose¥fluzone high dose¥fluzone_high_dose¥fluzonehigh_dose¥fluzone high-dose¥fluzone_highdose¥fluzonehigh-dose
influenza_vaccine	enzira	influenza_vaccine¥influenzavaccine¥influenza vaccine	enzira
influenza_vaccine	flushield	influenza_vaccine¥influenzavaccine¥influenza vaccine	flushield
influenza_vaccine	afluria_quadrivalent	influenza_vaccine¥influenzavaccine¥influenza vaccine	afluria quadrivalent¥afluria_quadrivalent
influenza_vaccine	fluvax	influenza_vaccine¥influenzavaccine¥influenza vaccine	fluvax
influenza_vaccine	fluogen	influenza_vaccine¥influenzavaccine¥influenza vaccine	fluogen
influenza_vaccine	fluzone_intradermal	influenza_vaccine¥influenzavaccine¥influenza vaccine	fluzone intradermal¥fluzone_intradermal
influenza_vaccine	flumist_quadrivalent	influenza_vaccine¥influenzavaccine¥influenza vaccine	flumist_quadrivalent¥flumistquadrivalent¥flumist quadrivalent
influenza_vaccine	influenza_(seasonal)_vaccine	influenza_vaccine¥influenzavaccine¥influenza vaccine	influenza_seasonal_vaccine
influenza_vaccine	flua3	influenza_vaccine¥influenzavaccine¥influenza vaccine	flua3
influenza_vaccine	flua4	influenza_vaccine¥influenzavaccine¥influenza vaccine	flua4
influenza_vaccine	flun4	influenza_vaccine¥influenzavaccine¥influenza vaccine	flun4
influenza_vaccine	flu4	influenza_vaccine¥influenzavaccine¥influenza vaccine	flu4
influenza_vaccine	h5n1	influenza_vaccine¥influenzavaccine¥influenza vaccine	h5n1
influenza_vaccine	flur4	influenza_vaccine¥influenzavaccine¥influenza vaccine	flur4
influenza_vaccine	flur3	influenza_vaccine¥influenzavaccine¥influenza vaccine	flur3
influenza_vaccine	flun3	influenza_vaccine¥influenzavaccine¥influenza vaccine	flun3
influenza_vaccine	flu3	influenza_vaccine¥influenzavaccine¥influenza vaccine	flu3
influenza_vaccine	fluc4	influenza_vaccine¥influenzavaccine¥influenza vaccine	fluc4
influenza_vaccine	fluc3	influenza_vaccine¥influenzavaccine¥influenza vaccine	fluc3
influenza_vaccine	influenza_(seasonal)_(fluzone)	influenza_vaccine¥influenzavaccine¥influenza vaccine	influenza_seasonal_fluzone
influenza_vaccine	flumist_18_19	influenza_vaccine¥influenzavaccine¥influenza vaccine	flumist_18_19
influenza_vaccine	influenza_vaccine_live	influenza_vaccine¥influenzavaccine¥influenza vaccine	influenza vaccine live¥influenza_vaccine_live
influenza_vaccine	influenza_virus_vaccine	influenza_vaccine¥influenzavaccine¥influenza vaccine	influenza_virus_vaccine¥influenza virus vaccine¥influenzavirusvaccine
influenza_vaccine	afluria_quadrivalent_2016	influenza_vaccine¥influenzavaccine¥influenza vaccine	afluria_quadrivalent_2016
influenza_vaccine	influenza_virus_vaccine_for_intramuscular_injection	influenza_vaccine¥influenzavaccine¥influenza vaccine	influenza virus vaccine for intramuscular injection¥influenza_virus_vaccine_for_intramuscular_injection
influenza_vaccine	influenza_virus_vaccine_surface_antigen_inactivated_adjuvanted_with_mf59c_1	influenza_vaccine¥influenzavaccine¥influenza vaccine	influenza_virus_vaccine_surface_antigen_inactivated_adjuvanted_with_mf59c_1
influenza_vaccine	influenza_vaccine_live_intranasal	influenza_vaccine¥influenzavaccine¥influenza vaccine	influenza_vaccine_live_intranasal
influenza_vaccine	flu_vaccine	influenza_vaccine¥influenzavaccine¥influenza vaccine	flu_vaccine¥fluvaccine¥flu vaccine
influenza_vaccine	influenza	influenza_vaccine¥influenzavaccine¥influenza vaccine	influenza
influenza_vaccine	afluria_afluria_southern_hemisphere	influenza_vaccine¥influenzavaccine¥influenza vaccine	afluria_afluria_southern_hemisphere
influenza_vaccine	afluria_quadrivalent_afluria_quadrivalent_southern_hemisphere	influenza_vaccine¥influenzavaccine¥influenza vaccine	afluria_quadrivalent_afluria_quadrivalent_southern_hemisphere
influenza_vaccine	iiv3_iiv4	influenza_vaccine¥influenzavaccine¥influenza vaccine	iiv3_iiv4
influenza_vaccine	iiv4	influenza_vaccine¥influenzavaccine¥influenza vaccine	iiv4
influenza_vaccine	riv4	influenza_vaccine¥influenzavaccine¥influenza vaccine	riv4
influenza_vaccine	laiv4	influenza_vaccine¥influenzavaccine¥influenza vaccine	laiv4
influenza_vaccine	iiv3	influenza_vaccine¥influenzavaccine¥influenza vaccine	iiv3
influenza_vaccine	cciiv4	influenza_vaccine¥influenzavaccine¥influenza vaccine	cciiv4
influenza_vaccine	fluzone_quadrivalent_fluzone_high_dose_quadrivalent_fluzone_intradermal_quadrivalent_fluzone_quadrivalent_southern_hemisphere	influenza_vaccine¥influenzavaccine¥influenza vaccine	fluzone_quadrivalent_fluzone_high_dose_quadrivalent_fluzone_intradermal_quadrivalent_fluzone_quadrivalent_southern_hemisphere
evans_vaccines	evans_vaccines_ltd	evans_vaccines	evans_vaccines_ltd
parkdale_pharmaceuticals	parkdale	parkdale_pharmaceuticals	parkdale
protein_sciences_corporation	protein_sciences	protein_science_corporation¥protein_sciences_corporation	protein_sciences¥protein_science
protein_sciences_corporation	protein_sciences_corporation_inc	protein_science_corporation¥protein_sciences_corporation	protein_sciences_corporation_inc
medeva_pharma_ltd	medeva_pharma	medeva_pharma_ltd	medeva_pharma
medeva_pharma_ltd	medeva_pharma_limited	medeva_pharma_ltd	medeva_pharma_limited
medeva_pharma_ltd	medeva	medeva_pharma_ltd	medeva
seqirus_inc	seqirus	seqirus_inc	seqirus
seqirus_inc	seqirus_gmbh	seqirus_inc	seqirus_gmbh
seqirus_inc	seqirus_ltd	seqirus_inc	seqirus_ltd
connaught_laboratories	connaught_laboratories_ltd	connaught_laboratories¥connaught_laboratory	connaught_laboratories_ltd
connaught_laboratories	connaught_laboratories_inc	connaught_laboratories¥connaught_laboratory	connaught_laboratories_inc
connaught_laboratories	connaught	connaught_laboratories¥connaught_laboratory	connaught
novartis_vaccines_and_diagnostic	novartis_vaccines_and_diagnostic_inc	novartis_vaccines_&_diagnostics¥novartis_vaccines_and_diagnostic¥novartis_vaccines_and_diagnostics	novartis_vaccines_and_diagnostics_inc
novartis_vaccines_and_diagnostic	novartis_vaccines_and_diagnostic_ltd	novartis_vaccines_&_diagnostics¥novartis_vaccines_and_diagnostic¥novartis_vaccines_and_diagnostics	novartis_vaccines_and_diagnostics_ltd
novartis_vaccines_and_diagnostic	novartis_vaccines_and_diagnostic_gmbh	novartis_vaccines_&_diagnostics¥novartis_vaccines_and_diagnostic¥novartis_vaccines_and_diagnostics	novartis_vaccines_and_diagnostics_gmbh
novartis_vaccines_and_diagnostic	novartis_vaccines_and_diagnostic_ag	novartis_vaccines_&_diagnostics¥novartis_vaccines_and_diagnostic¥novartis_vaccines_and_diagnostics	novartis_vaccines_and_diagnostics_ag
novartis_vaccines_and_diagnostic	novartis_vaccines_and_diagnostics_limited	novartis_vaccines_&_diagnostics¥novartis_vaccines_and_diagnostic¥novartis_vaccines_and_diagnostics	novartis_vaccines_and_diagnostics_limited
lederle_laboratories	lederle	lederle_laboratories¥lederle_laboratory	lederle
lederle_laboratories	lederle_laboratories_inc	lederle_laboratories¥lederle_laboratory	lederle_laboratories_inc
aventis_pasteur	aventis_pasteur_inc	aventis_pasteur	aventis_pasteur_inc
aventis_pasteur	aventis_pasteur_ltd	aventis_pasteur	aventis_pasteur_ltd
parke_davis	parke_davis_co	parke_davis	parke_davis_co
parke_davis	parke_davis_gmbh	parke_davis	parke_davis_gmbh
parke_davis	parke_davis_inc	parke_davis	parke_davis_inc
parke_davis	parke_davis_ltd	parke_davis	parke_davis_ltd
csl_limited	csl_ltd	csl_limiteds¥csl_limited	csl_ltd
csl_limited	csl	csl_limiteds¥csl_limited	csl
medimmune_vaccines_inc	medimmune_vaccines	medimmune_vaccines_inc	medimmune_vaccines
prevnar13	pneumococcal_13_valent_conjugate_vaccine_[diphtheria_crm197_protein]_suspension_for_intramuscular_injection	Prevnar13¥prevnar13¥Prevnar 13¥prevnar_13¥prevnar 13	pneumococcal_13_valent_conjugate_vaccine_[diphtheria_crm197_protein]_suspension_for_intramuscular_injection
prevnar	pneumococcal_7_valent_conjugate	prevnar	pneumococcal 7 valent conjugate¥pneumococcal 7-valent conjugate¥pneumococcal 7_valent conjugate¥pneumococcal_7_valent_conjugate
pnc10	pnu_imune	pnc10	pnu_imune¥pnuimune¥pnu-imune¥pnu imune
pnc10	pneumovax	pnc10	pneumovax
pnc10	prevnar13	pnc10	prevnar13
pnc10	synflorix	pnc10	synflorix
pnc10	prevnar	pnc10	prevnar
pnc10	pneumo_vaccine	pnc10	pneumo_vaccine¥pneumovaccine
pnc10	pnc13	pnc10	pnc13
pnc10	pneumo_(pneumovax)	pnc10	pneumo_(pneumovax)
shingrix	zoster_vaccine_recombinant_adjuvanted_suspension_for_intramuscular_injection	shingrix¥Shingrix	zoster_vaccine_recombinant_adjuvanted_suspension_for_intramuscular_injection
zoster_vaccine_live	zostavax	zoster_vaccine_live¥zoster vaccine live	zostavax¥Zostavax
zoster_vaccine	shingrix	zostervaccine¥zoster_vaccine	shingrix
zoster_vaccine	zostavax	zostervaccine¥zoster_vaccine	zostavax
zoster_vaccine	varzos	zostervaccine¥zoster_vaccine	varzos
zoster_vaccine	zoster_(zostavax)	zostervaccine¥zoster_vaccine	zoster_zostavax
zoster_vaccine	zoster_vaccine_recombinant_adjuvanted_suspension_for_intramuscular_injection	zostervaccine¥zoster_vaccine	zoster_vaccine_recombinant_adjuvanted_suspension_for_intramuscular_injection
zoster_vaccine	zoster_vaccine_live	zostervaccine¥zoster_vaccine	zoster_vaccine_live¥zoster vaccine live
zoster_vaccine	zoster	zostervaccine¥zoster_vaccine	zoster
adacel	boostrix	Adacel¥adacel	boostrix¥Boostrix
adacel	tetanus_toxoid_reduced_diphtheria_toxoid_and_acellular_pertussis_vaccine_adsorbed	adacel	tetanus_toxoid_reduced_diphtheria_toxoid_and_acellular_pertussis_vaccine_adsorbed
tdap_vaccine	boostrix	tdap_vaccine	boostrix
tdap_vaccine	adacel	tdap_vaccine	adacel
tdap_vaccine	tdap	tdap_vaccine	tdap
tdap_vaccine	tdap_(adacel)	tdap_vaccine	tdap_adacel
tdap_vaccine	tetanus_diphtheria_pertussis_vaccine	tdap_vaccine	tetanus_diphtheria_pertussis_vaccine
tdap_vaccine	tetanus_diphtheria_pertussis	tdap_vaccine	tetanus_diphtheria_pertussis
polysaccharide_diphtheria_toxoid_conjugate_vaccine	menactra	polysaccharide_diphtheria_toxoid_conjugate_vaccine¥polysaccharide diphtheria toxoid conjugate vaccine	menactra¥Menactra
menveo	meningococcal_(groups_a_c_y_and_w_135)_oligosaccharide_diphtheria_crm197	Menveo¥menveo	meningococcal_(groups_a_c_y_and_w_135)_oligosaccharide_diphtheria_crm197
meningococcal_conjugate_vaccine	menactra	meningococcal conjugate_vaccine¥meningococcal_conjugate_vaccine	menactra
meningococcal_conjugate_vaccine	menveo	meningococcal conjugate_vaccine¥meningococcal_conjugate_vaccine	menveo
meningococcal_conjugate_vaccine	meningococcal_conjugate_(menactra)	meningococcal conjugate_vaccine¥meningococcal_conjugate_vaccine	meningococcal_conjugate_menactra
diphtheria_and_tetanus_toxoids_and_acellular_pertussis_vaccine_adsorbed	certiva	diphtheria_and_tetanus_toxoids_and_acellular_pertussis_vaccine_adsorbed¥diphtheria and tetanus toxoids and acellular pertussis vaccine adsorbed	certiva
diphtheria_and_tetanus_toxoids_and_acellular_pertussis_vaccine_adsorbed	dapracel	diphtheria_and_tetanus_toxoids_and_acellular_pertussis_vaccine_adsorbed¥diphtheria and tetanus toxoids and acellular pertussis vaccine adsorbed	dapracel
diphtheria_and_tetanus_toxoids_and_acellular_pertussis	infanrix	diphtheria_and_tetanus_toxoids_and_acellular_pertussis¥diphtheria and tetanus toxoids and acellular pertussis	infanrix¥Infanrix
diphtheria_and_tetanus_toxoids_and_acellular_pertussis_vaccine	tripedia	diphtheria and tetanus toxoids and acellular pertussis vaccine¥diphtheriaandtetanustoxoidsandacellularpertussisvaccine¥diphtheria_and_tetanus_toxoids_and_acellular_pertussis_vaccine	tripedia
dtap_vaccine	certiva	dtapvaccine¥dtap_vaccine	certiva
dtap_vaccine	daptacel	dtapvaccine¥dtap_vaccine	daptacel
dtap_vaccine	acel_imune	dtapvaccine¥dtap_vaccine	acel-imune¥acelimune¥acel_imune¥acel imune
dtap_vaccine	infanrix	dtapvaccine¥dtap_vaccine	infanrix
dtap_vaccine	tripedia	dtapvaccine¥dtap_vaccine	tripedia
dtap_vaccine	dtap	dtapvaccine¥dtap_vaccine	dtap
dtap_vaccine	dtap_(tripedia)	dtapvaccine¥dtap_vaccine	dtap_tripedia
dtap_vaccine	diphtheria_tetanus_pertussis_vaccine	dtapvaccine¥dtap_vaccine	diphtheria_tetanus_pertussis_vaccine
dtap_vaccine	diphtheria_tetanus_pertussis	dtapvaccine¥dtap_vaccine	diphtheria_tetanus_pertussis
baxter_healthcare_corp	baxter_healthcare	baxter_healthcare_corp	baxter_healthcare¥baxter_healthcares
baxter_healthcare_corp	baxter	baxter_healthcare_corp	baxter
baxter_healthcare_corp	baxter_healthcare_corporation	baxter_healthcare_corp	baxter_healthcare_corporation¥baxter_healthcare_corporations
oral_poliovirus_vaccine	orimune	oralpoliovirusvaccine¥oral poliovirus vaccine¥oral_poliovirus_vaccine	orimune
polio_virus_oral_vaccine	orimune	polio_virus_oral_vaccine	orimune
polio_virus_oral_vaccine	polio_virus_oral_(orimune)	polio_virus_oral_vaccine	polio_virus_oral_(orimune)
pediarix	diphtheria_tetanus_toxoids_and_acellular_pertussis_adsorbed_hepatitis_b_and_inactivated_poliovirus_vaccine	Pediarix¥pediarix	diphtheria_tetanus_toxoids_and_acellular_pertussis_adsorbed_hepatitis_b_and_inactivated_poliovirus_vaccine
dtap_hepb_ipv_vaccine	pediarix	dtap_hepb_ipv_vaccine	pediarix
dtap_hepb_ipv_vaccine	infanrix_penta	dtap_hepb_ipv_vaccine	infanrix_penta¥infanrixpenta¥infanrix penta
dtap_hepb_ipv_vaccine	dtaphepbip	dtap_hepb_ipv_vaccine	dtaphepbip
dtap_hepb_ipv_vaccine	dtap_hepb_ipv_(pediarix)	dtap_hepb_ipv_vaccine	dtap_hepb_ipv_pediarix
haemophilus_b_conjugate_vaccine	pedvaxhib	haemophilus_b_conjugate_vaccine¥haemophilus b conjugate vaccine¥haemophilusbconjugatevaccine	pedvaxhib¥PedvaxHIB¥pedvax hib¥pedvax_hib
haemophilus_b_conjugate_vaccine	acthib	haemophilus_b_conjugate_vaccine¥haemophilus b conjugate vaccine¥haemophilusbconjugatevaccine	ActHIB¥acthib
haemophilus_b_conjugate_vaccine	prohibit	haemophilus_b_conjugate_vaccine¥haemophilus b conjugate vaccine¥haemophilusbconjugatevaccine	prohibit
hibtiter	diphtheria_crm197_protein_conjugate	hibtiter	diphtheria crm197 protein conjugate¥diphtheria_crm197_protein_conjugate
hiberix	haemophilus_b_conjugate_vaccine_tetanus_toxoid_conjugate_for_intramuscular_injection	hiberix¥Hiberix	haemophilus_b_conjugate_vaccine_tetanus_toxoid_conjugate_for_intramuscular_injection
hib_vaccine	omnihib	hib_vaccine¥hibvaccine	omnihib
hib_vaccine	pedvaxhib	hib_vaccine¥hibvaccine	pedvaxhib¥pedvax hib¥pedvax_hib
hib_vaccine	hibtiter	hib_vaccine¥hibvaccine	hibtiter
hib_vaccine	prohibit	hib_vaccine¥hibvaccine	prohibit
hib_vaccine	acthib	hib_vaccine¥hibvaccine	acthib
hib_vaccine	hiberix	hib_vaccine¥hibvaccine	hiberix
hib_vaccine	tetracoq	hib_vaccine¥hibvaccine	tetracoq
hib_vaccine	hibv	hib_vaccine¥hibvaccine	hibv
hib_vaccine	hib_(acthib)	hib_vaccine¥hibvaccine	hib_acthib
hib_vaccine	comvax	hib_vaccine¥hibvaccine	comvax
hib_vaccine	haemophilus_b_conjugate_and_hepatitis_b_vaccine	hib_vaccine¥hibvaccine	haemophilus_b_conjugate_and_hepatitis_b_vaccine
hib_vaccine	diphtheria_crm197_protein_conjugate	hib_vaccine¥hibvaccine	diphtheria crm197 protein conjugate¥diphtheria_crm197_protein_conjugate
hib_vaccine	haemophilus_b_conjugate_vaccine	hib_vaccine¥hibvaccine	haemophilus_b_conjugate_vaccine¥haemophilus b conjugate vaccine¥haemophilusbconjugatevaccine
hib_vaccine	haemophilus_b_conjugate_vaccine_tetanus_toxoid_conjugate_for_intramuscular_injection	hib_vaccine¥hibvaccine	haemophilus_b_conjugate_vaccine_tetanus_toxoid_conjugate_for_intramuscular_injection
hib_vaccine	haemophilus_influenzae_type_b_vaccine	hib_vaccine¥hibvaccine	haemophilus_influenzae_type_b_vaccine
hib_vaccine	haemophilus_influenzae_type_b	hib_vaccine¥hibvaccine	haemophilus_influenzae_type_b
measles_mumps_and_rubella_virus_vaccine_live	mmr_ii	measles_mumps_and_rubella_virus_vaccine_live	M-M-RII¥M M R II¥M-M-R II¥m_m_rii¥m-m-r ii¥MMRII¥mmrii¥m_m_r_ii¥m m r ii¥m_m_r ii¥mmr ii¥mmr_ii¥m-m-rii¥M_M_R II¥MMR II
measles_mumps_rubella_vaccine	priorix	measles_mumps_rubellavaccine¥measles_mumps_rubella_vaccine	priorix
measles_mumps_rubella_vaccine	virivac	measles_mumps_rubellavaccine¥measles_mumps_rubella_vaccine	virivac
measles_mumps_rubella_vaccine	mmr_ii	measles_mumps_rubellavaccine¥measles_mumps_rubella_vaccine	m-m-r ii¥m_m_rii¥mmrii¥m_m_r_ii¥m m r ii¥m_m_r ii¥mmr ii¥mmr_ii¥m-m-rii
measles_mumps_rubella_vaccine	mmr_i	measles_mumps_rubellavaccine¥measles_mumps_rubella_vaccine	mmr i¥mmri¥mmr_i
measles_mumps_rubella_vaccine	mmr	measles_mumps_rubellavaccine¥measles_mumps_rubella_vaccine	mmr
measles_mumps_rubella_vaccine	measles_mumps_rubella_(mmr_ii)	measles_mumps_rubellavaccine¥measles_mumps_rubella_vaccine	measles_mumps_rubella_mmr_ii¥measles_mumps_rubella_(mmr_ii)
measles_mumps_rubella_vaccine	measles_mumps_rubella	measles_mumps_rubellavaccine¥measles_mumps_rubella_vaccine	measles_mumps_rubella
hepatitis_a_vaccine_inactivated	havrix	hepatitis_a_vaccine_inactivated	Havrix¥havrix
hepatitis_a_vaccine_inactivated	vaqta	hepatitis_a_vaccine_inactivated	Vaqta¥vaqta
hepatitis_a_vaccine	havrix	hepatitis_a_vaccine	havrix
hepatitis_a_vaccine	vaqta	hepatitis_a_vaccine	vaqta
hepatitis_a_vaccine	hep_a_vaccine	hepatitis_a_vaccine	hep a_vaccine¥hep_a_vaccine¥hepa_vaccine
hepatitis_a_vaccine	hepa	hepatitis_a_vaccine	hepa
hepatitis_a_vaccine	hep_a_(havrix)	hepatitis_a_vaccine	hep_a_(havrix)
hepatitis_a_vaccine	hepatitis_a	hepatitis_a_vaccine	hepatitis_a
hepatitis_a_vaccine	hepatitis_a_vaccine_inactivated	hepatitis_a_vaccine	hepatitis_a_vaccine_inactivated
hepatitis_a_vaccine	heaptitis_a_vaccine	hepatitis_a_vaccine	heaptitis_a_vaccine
hepatitis_a_vaccine	heaptitis_a	hepatitis_a_vaccine	heaptitis_a
cervarix	human_papillomavirus_bivalent_vaccine	cervarix	human papillomavirus bivalent vaccine¥human_papillomavirus_bivalent_vaccine
gardasil	quadrivalent_human_papillomavirus_(types_6_11_16_18)_recombinant_vaccine	gardasil	quadrivalent_human_papillomavirus_(types_6_11_16_18)_recombinant_vaccine
gardasil_9	human_papillomavirus_9_valent_vaccine_recombinant_sterile_suspension_for_intramuscular_administration	gardasil_9¥Gardasil9¥gardasil9¥Gardasil 9¥gardasil 9	human_papillomavirus_9_valent_vaccine_recombinant_sterile_suspension_for_intramuscular_administration
hpv_vaccine	cervarix	hpv_vaccine¥hpvvaccine	cervarix
hpv_vaccine	gardasil	hpv_vaccine¥hpvvaccine	gardasil
hpv_vaccine	gardasil_9	hpv_vaccine¥hpvvaccine	gardasil_9¥gardasil 9¥gardasil9
hpv_vaccine	hpv4	hpv_vaccine¥hpvvaccine	hpv4
hpv_vaccine	hpvx	hpv_vaccine¥hpvvaccine	hpvx
hpv_vaccine	hpv9	hpv_vaccine¥hpvvaccine	hpv9
hpv_vaccine	hpv2	hpv_vaccine¥hpvvaccine	hpv2
hpv_vaccine	hpv_(gardasil)	hpv_vaccine¥hpvvaccine	hpv_gardasil
varicella_virus_vaccine_live	varivax	varicella_virus_vaccine_live¥varicella virus vaccine live	varivax¥Varivax
varicella_vaccine	varivax	varicellavaccine¥varicella_vaccine	varivax
varicella_vaccine	varilrix	varicellavaccine¥varicella_vaccine	varilrix
varicella_vaccine	varcel	varicellavaccine¥varicella_vaccine	varcel
varicella_vaccine	varicella_(varivax)	varicellavaccine¥varicella_vaccine	varicella_varivax
varicella_vaccine	varicella_virus_vaccine_live	varicellavaccine¥varicella_vaccine	varicella_virus_vaccine_live¥varicella virus vaccine live
varicella_vaccine	varicella	varicellavaccine¥varicella_vaccine	varicella
influenza_(h1n1)_vaccine	h1n1_(monovalent)_(csl)	influenza_h1n1_vaccine	h1n1_(monovalent)_(csl)
influenza_(h1n1)_vaccine	h1n1_(monovalent)_(sanofi)	influenza_h1n1_vaccine	h1n1_(monovalent)_(sanofi)
influenza_(h1n1)_vaccine	h1n1_(monovalent)_(novartis)	influenza_h1n1_vaccine	h1n1_(monovalent)_(novartis)
influenza_(h1n1)_vaccine	h1n1_(monovalent)_(gsk)	influenza_h1n1_vaccine	h1n1_(monovalent)_(gsk)
influenza_(h1n1)_vaccine	h1n1_(monovalent)_(medimmune)	influenza_h1n1_vaccine	h1n1_(monovalent)_(medimmune)
influenza_(h1n1)_vaccine	flu(h1n1)	influenza_h1n1_vaccine	flu_h1n1¥flu(h1n1)
influenza_(h1n1)_vaccine	flun(h1n1)	influenza_h1n1_vaccine	flun(h1n1)¥flun_h1n1
influenza_(h1n1)_vaccine	flux(h1n1)	influenza_h1n1_vaccine	flux(h1n1)¥flux_h1n1
influenza_(h1n1)_vaccine	influenza_(h1n1)_(h1n1_(monovalent)_(medimmune))	influenza_h1n1_vaccine	influenza_(h1n1)_(h1n1_(monovalent)_(medimmune))
dtp_vaccine	tri_immunol	dtpvaccine¥dtp_vaccine	tri immunol¥tri_immunol¥tri-immunol¥triimmunol
dtp_vaccine	dtp_(tri_immunol)	dtpvaccine¥dtp_vaccine	dtp_(tri_immunol)
emergent_biosolutions	emergent_biosolutions_inc	emergent_biosolutions	emergent_biosolutions_inc
proquad	measles_mumps_rubella_varicella_vaccine_live	proquad¥ProQuad	measles_mumps_rubella_varicella_vaccine_live
measles_mumps_rubella_varicella_vaccine	proquad	measles_mumps_rubella_varicella_vaccine	proquad
measles_mumps_rubella_varicella_vaccine	mmrv	measles_mumps_rubella_varicella_vaccine	mmrv
measles_mumps_rubella_varicella_vaccine	measles_mumps_rubella_varicella_(proquad)	measles_mumps_rubella_varicella_vaccine	measles_mumps_rubella_varicella_proquad
measles_mumps_rubella_varicella_vaccine	measles_mumps_rubella_varicella	measles_mumps_rubella_varicella_vaccine	measles_mumps_rubella_varicella
rotavirus_vaccine_live_oral_pentavalent	rotateq	rotavirus_vaccine_live_oral_pentavalent	RotaTeq¥rotateq
rotavirus_vaccine_live_oral_suspension	rotarix	rotavirus_vaccine_live_oral_suspension	Rotarix¥rotarix
rotavirus_vaccine	rotateq	rotavirus_vaccine¥rotavirusvaccine	rotateq
rotavirus_vaccine	rotashield	rotavirus_vaccine¥rotavirusvaccine	rotashield
rotavirus_vaccine	rotarix	rotavirus_vaccine¥rotavirusvaccine	rotarix
rotavirus_vaccine	rv1	rotavirus_vaccine¥rotavirusvaccine	rv1
rotavirus_vaccine	rv5	rotavirus_vaccine¥rotavirusvaccine	rv5
rotavirus_vaccine	rotavirus_(rotateq)	rotavirus_vaccine¥rotavirusvaccine	rotavirus_rotateq
rotavirus_vaccine	rotavirus_vaccine_live_oral_suspension	rotavirus_vaccine¥rotavirusvaccine	rotavirus_vaccine_live_oral_suspension
rotavirus_vaccine	rotavirus_vaccine_live_oral_pentavalent	rotavirus_vaccine¥rotavirusvaccine	rotavirus_vaccine_live_oral_pentavalent
rotavirus_vaccine	rotavirus	rotavirus_vaccine¥rotavirusvaccine	rotavirus
tetanus_and_diphtheria_toxoids_adsorbed	tenivac	tetanus_and_diphtheria_toxoids_adsorbed¥tetanus and diphtheria toxoids adsorbed	tenivac¥Tenivac
tetanus_diphtheria_vaccine	td_rix	tetanus diphtheria_vaccine¥tetanus_diphtheria_vaccine	td-rix¥td rix¥td_rix
tetanus_diphtheria_vaccine	tenivac	tetanus diphtheria_vaccine¥tetanus_diphtheria_vaccine	tenivac
tetanus_diphtheria_vaccine	tdvax	tetanus diphtheria_vaccine¥tetanus_diphtheria_vaccine	tdvax
tetanus_diphtheria_vaccine	ditanrix	tetanus diphtheria_vaccine¥tetanus_diphtheria_vaccine	ditanrix
tetanus_diphtheria_vaccine	td_adsorbed_vaccine	tetanus diphtheria_vaccine¥tetanus_diphtheria_vaccine	td adsorbed_vaccine¥td_adsorbed_vaccine
tetanus_diphtheria_vaccine	td	tetanus diphtheria_vaccine¥tetanus_diphtheria_vaccine	td
tetanus_diphtheria_vaccine	td_adsorbed_(no_brand_name)	tetanus diphtheria_vaccine¥tetanus_diphtheria_vaccine	td_adsorbed_(no_brand_name)
tetanus_diphtheria_vaccine	tetanus_diphtheria	tetanus diphtheria_vaccine¥tetanus_diphtheria_vaccine	tetanus_diphtheria
tetanus_diphtheria_vaccine	tetanus_diphtheria_(no_brand_name)	tetanus diphtheria_vaccine¥tetanus_diphtheria_vaccine	tetanus_diphtheria_(no_brand_name)
tetanus_diphtheria_vaccine	certiva	tetanus diphtheria_vaccine¥tetanus_diphtheria_vaccine	certiva
tetanus_diphtheria_vaccine	boostrix	tetanus diphtheria_vaccine¥tetanus_diphtheria_vaccine	boostrix
tetanus_diphtheria_vaccine	decavac	tetanus diphtheria_vaccine¥tetanus_diphtheria_vaccine	decavac
tetanus_diphtheria_vaccine	tetanus_diphtheria_(adult_formulation)	tetanus diphtheria_vaccine¥tetanus_diphtheria_vaccine	tetanus_diphtheria_(adult_formulation)
tetanus_diphtheria_vaccine	diphtheria_and_tetanus_toxoids_and_acellular_pertussis_vaccine_adsorbed	tetanus diphtheria_vaccine¥tetanus_diphtheria_vaccine	diphtheria_and_tetanus_toxoids_and_acellular_pertussis_vaccine_adsorbed¥diphtheria and tetanus toxoids and acellular pertussis vaccine adsorbed
tetanus_diphtheria_vaccine	tetanus_toxoid_reduced_diphtheria_toxoid_and_acellular_pertussis_vaccine_adsorbed	tetanus diphtheria_vaccine¥tetanus_diphtheria_vaccine	tetanus_toxoid_reduced_diphtheria_toxoid_and_acellular_pertussis_vaccine_adsorbed
tetanus_diphtheria_vaccine	tripedia	tetanus diphtheria_vaccine¥tetanus_diphtheria_vaccine	tripedia
tetanus_diphtheria_vaccine	infanrix	tetanus diphtheria_vaccine¥tetanus_diphtheria_vaccine	infanrix
tetanus_diphtheria_vaccine	quadracel	tetanus diphtheria_vaccine¥tetanus_diphtheria_vaccine	quadracel
tetanus_diphtheria_vaccine	kinrix	tetanus diphtheria_vaccine¥tetanus_diphtheria_vaccine	kinrix
tetanus_diphtheria_vaccine	dtp	tetanus diphtheria_vaccine¥tetanus_diphtheria_vaccine	dtp
tetanus_diphtheria_vaccine	dapracel	tetanus diphtheria_vaccine¥tetanus_diphtheria_vaccine	dapracel
tetanus_diphtheria_vaccine	adacel	tetanus diphtheria_vaccine¥tetanus_diphtheria_vaccine	adacel
tetanus_diphtheria_vaccine	vaxelis	tetanus diphtheria_vaccine¥tetanus_diphtheria_vaccine	vaxelis
tetanus_diphtheria_vaccine	diphtheria_and_tetanus_toxoids_and_acellular_pertussis_adsorbed_inactivated_poliovirus_haemophilus_b_conjugate_[meningococcal_protein_conjugate]_and_hepatitis_b_[recombinant]_vaccine	tetanus diphtheria_vaccine¥tetanus_diphtheria_vaccine	diphtheria_and_tetanus_toxoids_and_acellular_pertussis_adsorbed_inactivated_poliovirus_haemophilus_b_conjugate_[meningococcal_protein_conjugate]_and_hepatitis_b_[recombinant]_vaccine
tetanus_diphtheria_vaccine	diphtheria_and_tetanus_toxoids_and_acellular_pertussis_vaccine	tetanus diphtheria_vaccine¥tetanus_diphtheria_vaccine	diphtheria and tetanus toxoids and acellular pertussis vaccine¥diphtheriaandtetanustoxoidsandacellularpertussisvaccine¥diphtheria_and_tetanus_toxoids_and_acellular_pertussis_vaccine
tetanus_diphtheria_vaccine	diphtheria_and_tetanus_toxoids_and_acellular_pertussis_adsorbed_and_inactivated_poliovirus_vaccine	tetanus diphtheria_vaccine¥tetanus_diphtheria_vaccine	diphtheria_and_tetanus_toxoids_and_acellular_pertussis_adsorbed_and_inactivated_poliovirus_vaccine¥diphtheria and tetanus toxoids and acellular pertussis adsorbed and inactivated poliovirus vaccine
tetanus_diphtheria_vaccine	diptheria_and_tetanus_toxoids_and_acellular_pertussis_adsorbed_and_inactivated_poliovirus_vaccine	tetanus diphtheria_vaccine¥tetanus_diphtheria_vaccine	diptheria_and_tetanus_toxoids_and_acellular_pertussis_adsorbed_and_inactivated_poliovirus_vaccine
tetanus_diphtheria_vaccine	diphtheria_and_tetanus_toxoids_and_acellular_pertussis_vaccine_adsorbed_usp	tetanus diphtheria_vaccine¥tetanus_diphtheria_vaccine	diphtheria_and_tetanus_toxoids_and_acellular_pertussis_vaccine_adsorbed_usp
tetanus_diphtheria_vaccine	diphtheria_and_tetanus_toxoids_and_acellular_pertussis	tetanus diphtheria_vaccine¥tetanus_diphtheria_vaccine	diphtheria_and_tetanus_toxoids_and_acellular_pertussis¥diphtheria and tetanus toxoids and acellular pertussis
tetanus_diphtheria_vaccine	diphtheria_tetanus_acellular_pertussis_vaccine	tetanus diphtheria_vaccine¥tetanus_diphtheria_vaccine	diphtheria_tetanus_acellular_pertussis_vaccine
tetanus_diphtheria_vaccine	diphtheria_tetanus_acellular_pertussis	tetanus diphtheria_vaccine¥tetanus_diphtheria_vaccine	diphtheria_tetanus_acellular_pertussis
sclavo	sclavo_ltd	sclavo	sclavo_ltd
sclavo	sclavo_inc	sclavo	sclavo_inc
yellow_fever_vaccine	yf_vax	yellow_fevervaccine¥yellow fever vaccine¥yellow_fever_vaccine¥yellow fevervaccine¥yellowfevervaccine¥yellow fever_vaccine	yfvax¥yf vax¥yf-vax¥yf_vax
yellow_fever_vaccine	stamaril	yellow_fevervaccine¥yellow fever vaccine¥yellow_fever_vaccine¥yellow fevervaccine¥yellowfevervaccine¥yellow fever_vaccine	stamaril
yellow_fever_vaccine	yf	yellow_fevervaccine¥yellow fever vaccine¥yellow_fever_vaccine¥yellow fevervaccine¥yellowfevervaccine¥yellow fever_vaccine	yf
yellow_fever_vaccine	yellow_fever_(yf_vax)	yellow_fevervaccine¥yellow fever vaccine¥yellow_fever_vaccine¥yellow fevervaccine¥yellowfevervaccine¥yellow fever_vaccine	yellow_fever_yf_vax
acam2000	smallpox_(vaccinia)_vaccine_live	acam2000¥ACAM2000	smallpox_vaccinia_vaccine_live
smallpox_vaccine	dryvax	smallpoxvaccine¥smallpox_vaccine	dryvax
smallpox_vaccine	acam2000	smallpoxvaccine¥smallpox_vaccine	acam2000
smallpox_vaccine	smallpox_(dryvax)	smallpoxvaccine¥smallpox_vaccine	smallpox_dryvax
smallpox_vaccine	tpoxx	smallpoxvaccine¥smallpox_vaccine	tpoxx
smallpox_vaccine	smallpox_(vaccinia)_vaccine_live	smallpoxvaccine¥smallpox_vaccine	smallpox_vaccinia_vaccine_live
smallpox_vaccine	tecovirimat_capsules	smallpoxvaccine¥smallpox_vaccine	tecovirimat capsules¥tecovirimat_capsules
smallpox_vaccine	smallpox	smallpoxvaccine¥smallpox_vaccine	smallpox
poliovirus_vaccine_inactivated	ipol	poliovirus vaccine inactivated¥poliovirus_vaccine_inactivated	Ipol¥ipol
polio_vaccine	poliovax	polio_vaccine	poliovax
polio_vaccine	ipol	polio_vaccine	ipol
polio_vaccine	ipv	polio_vaccine	ipv
polio_vaccine	polio_virus_inact_vaccine	polio_vaccine	polio_virus_inact_vaccine
polio_vaccine	polio_virus_inact_(poliovax)	polio_vaccine	polio_virus_inact_(poliovax)
polio_vaccine	polio	polio_vaccine	polio
polio_vaccine	orimune	polio_vaccine	orimune
polio_vaccine	poliovirus_vaccine_inactivated	polio_vaccine	poliovirus vaccine inactivated¥poliovirus_vaccine_inactivated
polio_vaccine	oral_poliovirus_vaccine	polio_vaccine	oralpoliovirusvaccine¥oral poliovirus vaccine¥oral_poliovirus_vaccine
connaught_ltd	connaught	connaught_ltd	connaught
quadracel	diphtheria_and_tetanus_toxoids_and_acellular_pertussis_adsorbed_and_inactivated_poliovirus_vaccine	quadracel	diphtheria_and_tetanus_toxoids_and_acellular_pertussis_adsorbed_and_inactivated_poliovirus_vaccine
kinrix	diptheria_and_tetanus_toxoids_and_acellular_pertussis_adsorbed_and_inactivated_poliovirus_vaccine	Kinrix¥kinrix	diptheria_and_tetanus_toxoids_and_acellular_pertussis_adsorbed_and_inactivated_poliovirus_vaccine
dtap_ipv_vaccine	infanrix_tetra	dtap_ipv_vaccine	infanrix_tetra¥infanrix tetra¥infanrixtetra
dtap_ipv_vaccine	quadracel	dtap_ipv_vaccine	quadracel
dtap_ipv_vaccine	kinrix	dtap_ipv_vaccine	kinrix
dtap_ipv_vaccine	dtapipv	dtap_ipv_vaccine	dtap_ipv¥dtapipv
dtap_ipv_vaccine	dtap_ipv_(kinrix)	dtap_ipv_vaccine	dtap_ipv_kinrix
dtap_ipv_vaccine	diphtheria_tetanus_pertussis_polio_vaccine	dtap_ipv_vaccine	diphtheria_tetanus_pertussis_polio_vaccine
dtap_ipv_vaccine	diphtheria_tetanus_pertussis_polio	dtap_ipv_vaccine	diphtheria_tetanus_pertussis_polio
meningococcal_group_b_vaccine	bexsero	meningococcal group b vaccine¥meningococcal_group_b_vaccine	bexsero¥Bexsero
meningococcal_group_b_vaccine	trumenba	meningococcal group b vaccine¥meningococcal_group_b_vaccine	Trumenba¥trumenba
meningococcal_b_vaccine	bexsero	meningococcal_b_vaccine¥meningococcal b_vaccine	bexsero
meningococcal_b_vaccine	trumenba	meningococcal_b_vaccine¥meningococcal b_vaccine	trumenba
meningococcal_b_vaccine	menb	meningococcal_b_vaccine¥meningococcal b_vaccine	menb
meningococcal_b_vaccine	meningococcal_b_(bexsero)	meningococcal_b_vaccine¥meningococcal b_vaccine	meningococcal_b_bexsero
typhoid_vaccine	acetone_inactivated_dried	typhoidvaccine¥typhoid_vaccine¥typhoid vaccine	acetone_inactivated_dried
typhoid_vaccine	typhim_vi	typhoidvaccine¥typhoid_vaccine¥typhoid vaccine	typhim vi¥typhimvi¥typhim_vi
typhoid_vaccine	typhoid_vi_polysaccharide_vaccine	typhoidvaccine¥typhoid_vaccine¥typhoid vaccine	typhoid vi polysaccharide vaccine¥typhoid_vi_polysaccharide_vaccine¥typhoid vi polysaccharide_vaccine
typhoid_vaccine	typhoid_vi_polysaccharide_(typhim_vi)	typhoidvaccine¥typhoid_vaccine¥typhoid vaccine	typhoid_vi_polysaccharide_(typhim_vi)
typhoid_vaccine	vivotif_oral	typhoidvaccine¥typhoid vaccine¥typhoid_vaccine	vivotif oral¥vivotif_oral
typhoid_vaccine	typhim	typhoidvaccine¥typhoid_vaccine¥typhoid vaccine	typhim
typhoid_vaccine	typhoid	typhoidvaccine¥typhoid_vaccine¥typhoid vaccine	typhoid
typhoid_vaccine	vivotif	typhoidvaccine¥typhoid_vaccine¥typhoid vaccine	vivotif
je_vax	japanese_encephalitis_virus_vaccine_inactivated	je-vax¥jevax¥je vax¥je_vax	japanese_encephalitis_virus_vaccine_inactivated¥japanese encephalitis virus vaccine inactivated
japanese_encephalitis_vaccine	ixiaro	japaneseencephalitisvaccine¥japanese_encephalitis_vaccine¥japanese encephalitis vaccine¥japanese encephalitis_vaccine	ixiaro
japanese_encephalitis_vaccine	je_vax	japaneseencephalitisvaccine¥japanese_encephalitis_vaccine¥japanese encephalitis vaccine¥japanese encephalitis_vaccine	je-vax¥jevax¥je vax¥je_vax
japanese_encephalitis_vaccine	j_vax	japaneseencephalitisvaccine¥japanese_encephalitis_vaccine¥japanese encephalitis vaccine¥japanese encephalitis_vaccine	j_vax¥jvax¥j-vax¥j vax
japanese_encephalitis_vaccine	jev1	japaneseencephalitisvaccine¥japanese_encephalitis_vaccine¥japanese encephalitis vaccine¥japanese encephalitis_vaccine	jev1
japanese_encephalitis_vaccine	jevx	japaneseencephalitisvaccine¥japanese_encephalitis_vaccine¥japanese encephalitis vaccine¥japanese encephalitis_vaccine	jevx
japanese_encephalitis_vaccine	japanese_encephalitis_(je_vax)	japaneseencephalitisvaccine¥japanese_encephalitis_vaccine¥japanese encephalitis vaccine¥japanese encephalitis_vaccine	japanese_encephalitis_je_vax
japanese_encephalitis_vaccine	japanese_encephalitis	japaneseencephalitisvaccine¥japanese_encephalitis_vaccine¥japanese encephalitis vaccine¥japanese encephalitis_vaccine	japanese_encephalitis
japanese_encephalitis_vaccine	japanese_encephalitis_virus_vaccine_inactivated	japaneseencephalitisvaccine¥japanese_encephalitis_vaccine¥japanese encephalitis vaccine¥japanese encephalitis_vaccine	japanese_encephalitis_virus_vaccine_inactivated¥japanese encephalitis virus vaccine inactivated
intercell_ag	intercell	intercell_ag	intercell
rabies_vaccine	rabavert	rabies_vaccine¥rabies vaccine¥rabiesvaccine	rabavert
rabies_vaccine	imovax	rabies_vaccine¥rabies vaccine¥rabiesvaccine	imovax
rabies_vaccine	rabie_vax	rabies_vaccine¥rabies vaccine¥rabiesvaccine	rabie_vax
rabies_vaccine	rabipur	rabies_vaccine¥rabies vaccine¥rabiesvaccine	rabipur
rabies_vaccine	imovax_id	rabies_vaccine¥rabies vaccine¥rabiesvaccine	imovax_id
rabies_vaccine	rabivac	rabies_vaccine¥rabies vaccine¥rabiesvaccine	rabivac
rabies_vaccine	rabies_(imovax)	rabies_vaccine¥rabies vaccine¥rabiesvaccine	rabies_imovax
rabies_vaccine	imovax_rabies	rabies_vaccine¥rabies vaccine¥rabiesvaccine	imovax_rabies¥imovax rabies
rabies_vaccine	rabies	rabies_vaccine¥rabies vaccine¥rabiesvaccine	rabies
rabies_vaccine	bayrab	rabies_vaccine¥rabies vaccine¥rabiesvaccine	bayrab
rabies_vaccine	kedrab	rabies_vaccine¥rabies vaccine¥rabiesvaccine	kedrab
rabies_vaccine	imogam_rabies	rabies_vaccine¥rabies vaccine¥rabiesvaccine	imogam rabies¥imogam_rabies¥imogamrabies
rabies_vaccine	hyperrab	rabies_vaccine¥rabies vaccine¥rabiesvaccine	hyperrab
rabies_vaccine	rabies_immune_globulin_solution_for_intramuscular_injection	rabies_vaccine¥rabies vaccine¥rabiesvaccine	rabies_immune_globulin_solution_for_intramuscular_injection
rabies_vaccine	rabies_immune_globulin_(human)_solvent_detergent_treated	rabies_vaccine¥rabies vaccine¥rabiesvaccine	rabies_immune_globulin_(human)_solvent_detergent_treated
rabies_vaccine	rabies_immune_globulin_[human])_for_intramuscular_administration	rabies_vaccine¥rabies vaccine¥rabiesvaccine	rabies_immune_globulin_[human])_for_intramuscular_administration
rabies_vaccine	rabies_immune_globulin_(human)	rabies_vaccine¥rabies vaccine¥rabiesvaccine	rabies_immune_globulin_human
rabies_vaccine	rabavert_rabies_vaccine	rabies_vaccine¥rabies vaccine¥rabiesvaccine	rabavert_rabies_vaccine
dtp_hib_vaccine	dtp_acthib	dtp_hib_vaccine	dtp_acthib
dtp_hib_vaccine	tetramune	dtp_hib_vaccine	tetramune
dtp_hib_vaccine	dtphib	dtp_hib_vaccine	dtphib
dtp_hib_vaccine	dtp_hib_(tetramune)	dtp_hib_vaccine	dtp_hib_(tetramune)
tetanus_toxoid_conjugate	pentacel	tetanus toxoid conjugate¥tetanus_toxoid_conjugate	Pentacel¥pentacel
dtap_ipv_hib_vaccine	infanrix_quinta	dtap_ipv_hib_vaccine	infanrixquinta¥infanrix_quinta¥infanrix quinta
dtap_ipv_hib_vaccine	pentacel	dtap_ipv_hib_vaccine	pentacel
dtap_ipv_hib_vaccine	dtapipvhib	dtap_ipv_hib_vaccine	dtapipvhib¥dtap_ipv_hib
dtap_ipv_hib_vaccine	dtap_ipv_hib_(pentacel)	dtap_ipv_hib_vaccine	dtap_ipv_hib_pentacel
dtap_ipv_hib_vaccine	diphtheria_tetanus_pertussis_polio_haemophilus_influenzaetype_b_vaccine	dtap_ipv_hib_vaccine	diphtheria_tetanus_pertussis_polio_haemophilus_influenzaetype_b_vaccine
dtap_ipv_hib_vaccine	diphtheria_tetanus_pertussis_polio_haemophilus_influenzaetype_b	dtap_ipv_hib_vaccine	diphtheria_tetanus_pertussis_polio_haemophilus_influenzaetype_b
biothrax	anthrax_vaccine_adsorbed_emergent_biosolutions	biothrax¥BioThrax	anthrax_vaccine_adsorbed_emergent_biosolutions
anthrax_vaccine	biothrax	anthrax_vaccine¥anthraxvaccine	biothrax
anthrax_vaccine	anth	anthrax_vaccine¥anthraxvaccine	anth
anthrax_vaccine	anthrax_(biothrax)	anthrax_vaccine¥anthraxvaccine	anthrax_biothrax
anthrax_vaccine	anthrax_vaccine_adsorbed_emergent_biosolutions	anthrax_vaccine¥anthraxvaccine	anthrax_vaccine_adsorbed_emergent_biosolutions
anthrax_vaccine	anthrax	anthrax_vaccine¥anthraxvaccine	anthrax
infanrix_hexa	combined_diphtheria_tetanus_toxoids_acellular_pertussis_hepatitis_b_inactivated_poliomyelitis_adsorbed_conjugated_haemophilus_influenzae	infanrix hexa¥infanrixhexa¥infanrix_hexa	combined_diphtheria_tetanus_toxoids_acellular_pertussis_hepatitis_b_inactivated_poliomyelitis_adsorbed_conjugated_haemophilus_influenzae
dtap_ipv_hepb_hib_vaccine	hexavac	dtap_ipv_hepb_hib_vaccine	hexavac
dtap_ipv_hepb_hib_vaccine	infanrix_hexa	dtap_ipv_hepb_hib_vaccine	infanrix hexa¥infanrixhexa¥infanrix_hexa
dtap_ipv_hepb_hib_vaccine	6vax_f	dtap_ipv_hepb_hib_vaccine	6vax_f
dtap_ipv_hepb_hib_vaccine	dtap_ipv_hepb_hib_(infanrix_hexa)	dtap_ipv_hepb_hib_vaccine	dtap_ipv_hepb_hib_(infanrix_hexa)
meningococcal_polysaccharide_vaccine	menomune	meningococcal polysaccharide vaccine¥meningococcalpolysaccharidevaccine¥meningococcal_polysaccharide_vaccine	menomune
meningococcal_vaccine	meningitec	meningococcalvaccine¥meningococcal_vaccine	meningitec
meningococcal_vaccine	menomune	meningococcalvaccine¥meningococcal_vaccine	menomune
meningococcal_vaccine	menomune_a_c	meningococcalvaccine¥meningococcal_vaccine	menomune_a_c
meningococcal_vaccine	meningococcal_(no_brand_name)	meningococcalvaccine¥meningococcal_vaccine	meningococcal_(no_brand_name)
meningococcal_vaccine	menactra	meningococcalvaccine¥meningococcal_vaccine	menactra
meningococcal_vaccine	bexsero	meningococcalvaccine¥meningococcal_vaccine	bexsero
meningococcal_vaccine	menveo	meningococcalvaccine¥meningococcal_vaccine	menveo
meningococcal_vaccine	trumenba	meningococcalvaccine¥meningococcal_vaccine	trumenba
meningococcal_vaccine	mcv4_menacwy_crm	meningococcalvaccine¥meningococcal_vaccine	mcv4_menacwy_crm
meningococcal_vaccine	menb_4c	meningococcalvaccine¥meningococcal_vaccine	menb_4c
meningococcal_vaccine	menb_fhbp	meningococcalvaccine¥meningococcal_vaccine	menb_fhbp
meningococcal_vaccine	mcv4_menacwy_d	meningococcalvaccine¥meningococcal_vaccine	mcv4_menacwy_d
meningococcal_vaccine	meningococcal	meningococcalvaccine¥meningococcal_vaccine	meningococcal
meningococcal_vaccine	meningococcal_(groups_a_c_y_and_w_135)_oligosaccharide_diphtheria_crm197	meningococcalvaccine¥meningococcal_vaccine	meningococcal_(groups_a_c_y_and_w_135)_oligosaccharide_diphtheria_crm197
meningococcal_vaccine	meningococcal_group_b_vaccine	meningococcalvaccine¥meningococcal_vaccine	meningococcal group b vaccine¥meningococcal_group_b_vaccine
meningococcal_vaccine	meningococcal_polysaccharide_vaccine	meningococcalvaccine¥meningococcal_vaccine	meningococcal polysaccharide vaccine¥meningococcalpolysaccharidevaccine¥meningococcal_polysaccharide_vaccine
meningococcal_vaccine	polysaccharide_diphtheria_toxoid_conjugate_vaccine	meningococcalvaccine¥meningococcal_vaccine	polysaccharide_diphtheria_toxoid_conjugate_vaccine¥polysaccharide diphtheria toxoid conjugate vaccine
comvax	haemophilus_b_conjugate_and_hepatitis_b_vaccine	comvax	haemophilus_b_conjugate_and_hepatitis_b_vaccine
hib_hep_b_vaccine	comvax	hib_hepb_vaccine	comvax
hib_hep_b_vaccine	hbhepb	hib_hepb_vaccine	hbhepb
hib_hep_b_vaccine	hib_hep_b_(comvax)	hib_hepb_vaccine	hib_hep_b_(comvax)
twinrix	hepatitis_a_inactivated_&_hepatitis_b_(recombinant)_vaccine	Twinrix¥twinrix	hepatitis_a_inactivated_&_hepatitis_b_(recombinant)_vaccine
hepab	twinrix	hepab	twinrix
hepab	hep_a_hep_b_vaccine	hepab	hep_a_hep_b_vaccine
hepab	hep_a_hep_b_(twinrix)	hepab	hep_a_hep_b_(twinrix)
dtap_hib_vaccine	trihibit	dtap_hib_vaccine	trihibit
dtap_hib_vaccine	dtaph	dtap_hib_vaccine	dtaph
dtap_hib_vaccine	dtap_hib_(no_brand_name)	dtap_hib_vaccine	dtap_hib_(no_brand_name)
vaccine_not_specified_vaccine	vaccine_not_specified_(no_brand_name)	vaccine_not_specified_vaccine	vaccine_not_specified_(no_brand_name)
dtp_ipv_vaccine	dtpipv	dtp_ipv_vaccine	dtpipv
dtp_ipv_vaccine	dtp_ipv_(no_brand_name)	dtp_ipv_vaccine	dtp_ipv_(no_brand_name)
berna_biotech_ltd	berna_biotech_limited	berna_biotech_ltd	berna_biotech_limited
berna_biotech_ltd	berna	berna_biotech_ltd	berna
berna_biotech_ltd	berna_biotech	berna_biotech_ltd	berna_biotech
ttox	tetanus_toxoid_adsorbed_vaccine	ttox	tetanus_toxoid_adsorbed_vaccine
ttox	tetanus_toxoid_adsorbed_(no_brand_name)	ttox	tetanus_toxoid_adsorbed_(no_brand_name)
measles_virus_vaccine_live	attenuvax	measles virus vaccine live¥measles_virus_vaccine_live	attenuvax
measles_vaccine	attenuvax	measlesvaccine¥measles_vaccine	attenuvax
measles_vaccine	moraten	measlesvaccine¥measles_vaccine	moraten
measles_vaccine	measles_(no_brand_name)	measlesvaccine¥measles_vaccine	measles_(no_brand_name)
measles_vaccine	measles_virus_vaccine_live	measlesvaccine¥measles_vaccine	measles virus vaccine live¥measles_virus_vaccine_live
measles_vaccine	measles	measlesvaccine¥measles_vaccine	measles
diphtheria_toxoid_pertussis_ipv_vaccine	quatro_virelon	diphtheria_toxoid_pertussis_ipv_vaccine	quatro_virelon¥quatro virelon
diphtheria_toxoid_pertussis_ipv_vaccine	diphtheria_toxoid_pertussis_ipv_(quatro_virelon)	diphtheria_toxoid_pertussis_ipv_vaccine	diphtheria_toxoid_pertussis_ipv_(quatro_virelon)
tetanus_toxoid_vaccine	tevax	tetanus toxoid_vaccine¥tetanus_toxoid_vaccine	tevax
tetanus_toxoid_vaccine	ttox	tetanus toxoid_vaccine¥tetanus_toxoid_vaccine	ttox
tetanus_toxoid_vaccine	tetanus_toxoid_(no_brand_name)	tetanus toxoid_vaccine¥tetanus_toxoid_vaccine	tetanus_toxoid_(no_brand_name)
decavac	tetanus_diphtheria_(adult_formulation)	decavac	tetanus_diphtheria_(adult_formulation)
dt_adsorbed_vaccine	ditanrix	dt_adsorbed_vaccine	ditanrix
dt_adsorbed_vaccine	decavac	dt_adsorbed_vaccine	decavac
dt_adsorbed_vaccine	dt_adsorbed_(no_brand_name)	dt_adsorbed_vaccine	dt_adsorbed_(no_brand_name)
bsi	bsi_inc	bsi	bsi_inc
bsi	bsi_ltd	bsi	bsi_ltd
bsi	bsi_corp	bsi	bsi_corp
bsi	bsi_co	bsi	bsi_co
bsi	bsi_ag	bsi	bsi_ag
lymerix	lipoprotein_outer_surface_a_vaccine	lymerix	lipoprotein_outer_surface_a_vaccine
lyme_vaccine	lymerix	lymevaccine¥lyme_vaccine	lymerix
lyme_vaccine	lyme	lymevaccine¥lyme_vaccine	lyme
lyme_vaccine	lyme_(lymerix)	lymevaccine¥lyme_vaccine	lyme_lymerix
lyme_vaccine	lipoprotein_outer_surface_a_vaccine	lymevaccine¥lyme_vaccine	lipoprotein_outer_surface_a_vaccine
hep_a_typ_vaccine	hepatyrix	hep_a_typ_vaccine	hepatyrix
hep_a_typ_vaccine	hepatyp	hep_a_typ_vaccine	hepatyp
hep_a_typ_vaccine	hep_a_typ_(hepatyrix)	hep_a_typ_vaccine	hep_a_typ_(hepatyrix)
typhoid_live_oral_ty21a_vaccine	vivotif	typhoid_live_oral_ty21a_vaccine	vivotif
typhoid_live_oral_ty21a_vaccine	typhoid_live_oral_ty21a_(vivotif)	typhoid_live_oral_ty21a_vaccine	typhoid_live_oral_ty21a_(vivotif)
hib_polysaccharide_vaccine	hibimune	hib polysaccharide_vaccine¥hib_polysaccharide_vaccine	hibimune
hib_polysaccharide_vaccine	hbpv	hib polysaccharide_vaccine¥hib_polysaccharide_vaccine	hbpv
hib_polysaccharide_vaccine	hibv	hib polysaccharide_vaccine¥hib_polysaccharide_vaccine	hibv
hib_polysaccharide_vaccine	hib_polysaccharide_(hibimune)	hib polysaccharide_vaccine¥hib_polysaccharide_vaccine	hib_polysaccharide_(hibimune)
bacillus_of_calmette_and_guerin	tice	bacillus_of_calmette_and_guerin¥bacillus of calmette and guerin	tice
bcg_live	tice	bcg_live	tice
bcg_live	mycobax	bcg_live	mycobax
bcg_live	bcg_vaccine	bcg_live	bcgvaccine¥bcg_vaccine
bcg_live	bcg_(tice)	bcg_live	bcg_tice
bcg_live	tice_bcg	bcg_live	tice_bcg
organon_teknika	organon_teknika_co	organon_teknika	organon_teknika_co
organon_teknika	organon_teknika_corp	organon_teknika	organon_teknika_corp
organon_teknika	organon_teknika_inc	organon_teknika	organon_teknika_inc
organon_teknika	organon_teknika_ltd	organon_teknika	organon_teknika_ltd
dtpihi	dt_ipv_hib_hepb_vaccine	dtpihi	dt_ipv_hib_hepb_vaccine
dtpihi	dt_ipv_hib_hepb_(no_brand_name)	dtpihi	dt_ipv_hib_hepb_(no_brand_name)
dtpphib	dtp_ipv_act_hib_vaccine	dtpphib	dtp_ipv_act_hib_vaccine
dtpphib	dtp_ipv_act_hib_(no_brand_name)	dtpphib	dtp_ipv_act_hib_(no_brand_name)
mumps_vaccine	mumpsvax_ii	mumps_vaccine¥mumpsvaccine	mumpsvax_ii
mumps_vaccine	mumpsvax_i	mumps_vaccine¥mumpsvaccine	mumpsvax_i
mumps_vaccine	mumps_(mumpsvax_ii)	mumps_vaccine¥mumpsvaccine	mumps_(mumpsvax_ii)
mumps_vaccine	mumpsvax	mumps_vaccine¥mumpsvaccine	mumpsvax
mumps_vaccine	mumps_virus_vaccine_live	mumps_vaccine¥mumpsvaccine	mumps_virus_vaccine_live¥mumps virus vaccine live
mumps_vaccine	mumps	mumps_vaccine¥mumpsvaccine	mumps
rubella_vaccine	meruvax_i	rubellavaccine¥rubella_vaccine	meruvax_i
rubella_vaccine	meruvax_ii	rubellavaccine¥rubella_vaccine	meruvaxii¥meruvax_ii¥meruvax ii
rubella_vaccine	rudivax	rubellavaccine¥rubella_vaccine	rudivax
rubella_vaccine	rubella_(meruvax_ii)	rubellavaccine¥rubella_vaccine	rubella_meruvax_ii
rubella_vaccine	meruvax	rubellavaccine¥rubella_vaccine	meruvax
rubella_vaccine	rubella_virus_vaccine_live	rubellavaccine¥rubella_vaccine	rubella_virus_vaccine_live¥rubella virus vaccine live
rubella_vaccine	rubella	rubellavaccine¥rubella_vaccine	rubella
burroughs_wellcome	burroughs_wellcome_inc	burroughs_wellcome	burroughs_wellcome_inc
burroughs_wellcome	burroughs_wellcome_ltd	burroughs_wellcome	burroughs_wellcome_ltd
burroughs_wellcome	burroughs_wellcome_plc	burroughs_wellcome	burroughs_wellcome_plc
burroughs_wellcome	burroughs_wellcome_co	burroughs_wellcome	burroughs_wellcome_co
dtox	diphtheria_toxoids_vaccine	dtox	diphtheria toxoids_vaccine¥diphtheria_toxoids_vaccine
dtox	diphtheria_toxoids_(no_brand_name)	dtox	diphtheria_toxoids_(no_brand_name)
dt_ipv_vaccine	dtipv	dt_ipv_vaccine	dtipv
dt_ipv_vaccine	dt_ipv_(no_brand_name)	dt_ipv_vaccine	dt_ipv_(no_brand_name)
pertussis_vaccine	pertussis_(no_brand_name)	pertussisvaccine¥pertussis_vaccine	pertussis_(no_brand_name)
adenovirus_types_4_&_7_live_oral_vaccine	aden_4_7	adenovirus_types_4_&_7_live_oral_vaccine	aden_4_7
adenovirus_types_4_&_7_live_oral_vaccine	adenovirus_types_4_&_7_live_oral_(no_brand_name)	adenovirus_types_4_&_7_live_oral_vaccine	adenovirus_types_4_&_7_live_oral_(no_brand_name)
teva_pharmaceuticals	teva_pharmaceuticals_ltd	teva_pharmaceutical¥teva_pharmaceuticals	teva_pharmaceutical_ltd¥teva_pharmaceuticals_ltd
teva_pharmaceuticals	teva_pharmaceuticals_inc	teva_pharmaceutical¥teva_pharmaceuticals	teva_pharmaceuticals_inc
teva_pharmaceuticals	teva_pharma	teva_pharmaceutical¥teva_pharmaceuticals	teva_pharma¥teva_pharmas
teva_pharmaceuticals	teva_pharmaceuticals_co	teva_pharmaceutical¥teva_pharmaceuticals	teva_pharmaceutical_co
teva_pharmaceuticals	teva	teva_pharmaceutical¥teva_pharmaceuticals	teva
measles_mumps_vaccine	mm_vax	measles_mumps_vaccine	mm_vax
measles_mumps_vaccine	measles_mumps_(no_brand_name)	measles_mumps_vaccine	measles_mumps_(no_brand_name)
meningococcal_conjugate_hib_vaccine	menitorix	meningococcal_conjugate_hib_vaccine	menitorix
meningococcal_conjugate_hib_vaccine	menhib	meningococcal_conjugate_hib_vaccine	menhib
meningococcal_conjugate_hib_vaccine	meningococcal_conjugate_hib_(menitorix)	meningococcal_conjugate_hib_vaccine	meningococcal_conjugate_hib_(menitorix)
tick_borne_enceph_vaccine	tick_borne_enceph_(no_brand_name)	tick_borne_enceph_vaccine	tick_borne_enceph_(no_brand_name)
dtp_hep_b_vaccine	tritanrix	dtp_hepb_vaccine	tritanrix
dtp_hep_b_vaccine	dtphep	dtp_hepb_vaccine	dtphep
dtp_hep_b_vaccine	dtp_hep_b_(no_brand_name)	dtp_hepb_vaccine	dtp_hep_b_(no_brand_name)
vaxchora	cholera_vaccine_live_for_oral_administration	vaxchora¥Vaxchora	cholera_vaccine_live_for_oral_administration
cholera_vaccine	vaxchora	cholera_vaccine¥choleravaccine¥cholera vaccine	vaxchora
cholera_vaccine	usp	cholera_vaccine¥choleravaccine¥cholera vaccine	usp
cholera_vaccine	chol	cholera_vaccine¥choleravaccine¥cholera vaccine	chol
cholera_vaccine	cholera_(vaxchora)	cholera_vaccine¥choleravaccine¥cholera vaccine	cholera_vaxchora
cholera_vaccine	cholera_vaccine_live_for_oral_administration	cholera_vaccine¥choleravaccine¥cholera vaccine	cholera_vaccine_live_for_oral_administration
cholera_vaccine	cholera	cholera_vaccine¥choleravaccine¥cholera vaccine	cholera
paxvax	paxvax_inc	paxvax	paxvax_inc
fsme_immun_vaccine	fsme_immun_(no_brand_name)	fsme_immun_vaccine¥fsme-immun.vaccine	fsme_immun_(no_brand_name)
measles_rubella_vaccine	mr_vax_ii	measles_rubella_vaccine	mr_vaxii
measles_rubella_vaccine	measles_rubella_(mr_vax_ii)	measles_rubella_vaccine	measles_rubella_(mr_vax_ii)
measles_rubella_vaccine	m_r_vax	measles_rubella_vaccine	m r vax¥mrvax¥m_r_vax¥m-r-vax
measles_rubella_vaccine	measles_and_rubella_virus_vaccine_live	measles_rubella_vaccine	measles_and_rubella_virus_vaccine_live
measles_rubella_vaccine	measles_rubella	measles_rubella_vaccine	measles_rubella
tdap_ipv_vaccine	tdapipv	tdap_ipv_vaccine	tdapipv
tdap_ipv_vaccine	tdap_ipv_(foreign)	tdap_ipv_vaccine	tdap_ipv_(foreign)
adenovirus_vaccine	aden	adenovirusvaccine¥adenovirus_vaccine	aden
adenovirus_vaccine	adenovirus_(type_7_no_brand_name)	adenovirusvaccine¥adenovirus_vaccine	adenovirus_(type_7_no_brand_name)
adenovirus_vaccine	adenovirus	adenovirusvaccine¥adenovirus_vaccine	adenovirus
adenovirus_vaccine	adenovirus_type_4_and_type_7_vaccine_live_oral	adenovirusvaccine¥adenovirus_vaccine	adenovirus_type_4_and_type_7_vaccine_live_oral
ssev	summer_spring_enceph_vaccine	ssev	summer_spring_enceph_vaccine
ssev	summer_spring_enceph_(no_brand_name)	ssev	summer_spring_enceph_(no_brand_name)
menhibrix	meningococcal_groups_c_and_y_and_haemophilus_b_tetanus_toxoid_conjugate_vaccine	menhibrix	meningococcal_groups_c_and_y_and_haemophilus_b_tetanus_toxoid_conjugate_vaccine
meningococcal_c_&_y_hib_vaccine	menhibrix	meningococcal_c_&_y_hib_vaccine	menhibrix
meningococcal_c_&_y_hib_vaccine	mnqhib	meningococcal_c_&_y_hib_vaccine	mnqhib
meningococcal_c_&_y_hib_vaccine	meningococcal_c_&_y_hib_(menhibrix)	meningococcal_c_&_y_hib_vaccine	meningococcal_c_&_y_hib_(menhibrix)
mumps_rubella_vaccine	mumps_rubella_(foreign)	mumps_rubella_vaccine	mumps_rubella_(foreign)
mumps_rubella_vaccine	biavax	mumps_rubella_vaccine	biavax
mumps_rubella_vaccine	rubella_and_mumps_virus_vaccine_live	mumps_rubella_vaccine	rubella_and_mumps_virus_vaccine_live
mumps_rubella_vaccine	mumps_rubella	mumps_rubella_vaccine	mumps_rubella
plague_vaccine	usp	plague_vaccine¥plaguevaccine	usp
plague_vaccine	plague	plague_vaccine¥plaguevaccine	plague
plague_vaccine	plague_(usp)	plague_vaccine¥plaguevaccine	plague_usp
miles_laboratories	miles_laboratories_co	miles_laboratory¥miles_laboratories	miles_laboratories_co
miles_laboratories	miles_laboratories_inc	miles_laboratory¥miles_laboratories	miles_laboratory_inc¥miles_laboratories_inc
miles_laboratories	miles	miles_laboratory¥miles_laboratories	miles
miles_laboratories	miles_laboratories_ltd	miles_laboratory¥miles_laboratories	miles_laboratories_ltd
greer_laboratories_inc	greer	greer_laboratories_inc	greer
greer_laboratories_inc	greer_laboratories	greer_laboratories_inc	greer_laboratories¥greer_laboratory
dpipv	dp_ipv_vaccine	dpipv	dp_ipv_vaccine
dpipv	dp_ipv_(no_brand_name)	dpipv	dp_ipv_(no_brand_name)
td_pertussis_vaccine	td_pertussis_(no_brand_name)	td_pertussis_vaccine	td_pertussis_(no_brand_name)
zoster_live_vaccine	zostavax	zoster live_vaccine¥zoster_live_vaccine	zostavax
zoster_live_vaccine	varzos	zoster live_vaccine¥zoster_live_vaccine	varzos
zoster_live_vaccine	zoster_live_(zostavax)	zoster live_vaccine¥zoster_live_vaccine	zoster_live_(zostavax)
dengvaxia	dengue_tetravalent_vaccine_live	dengvaxia	dengue_tetravalent_vaccine_live
dengue_tetravalent_vaccine	dengvaxia	dengue_tetravalent_vaccine¥dengue tetravalent_vaccine	dengvaxia
dengue_tetravalent_vaccine	dengue_tetravalent_(dengvaxia)	dengue_tetravalent_vaccine¥dengue tetravalent_vaccine	dengue_tetravalent_(dengvaxia)
covid19	covid19_(covid19_(moderna)_vaccine	covid19	covid19_(covid19_(moderna)_vaccine
covid19	covid19_(covid19_(moderna))	covid19	covid19_(covid19_(moderna))
covid19	covid19_(covid19_(janssen)_vaccine	covid19	covid19_(covid19_(janssen)_vaccine
covid19	covid19_(covid19_(janssen))	covid19	covid19_(covid19_(janssen))
covid19	covid19_(covid19_(pfizer_biontech)_vaccine	covid19	covid19_(covid19_(pfizer_biontech)_vaccine
covid19	covid19_(covid19_(pfizer_biontech))	covid19	covid19_(covid19_(pfizer_biontech))
moderna	moderna_llc	moderna	moderna_llc
moderna	moderna_inc	moderna	moderna_inc
janssen	janssen_ltd	janssen	janssen_ltd
janssen	janssen_inc	janssen	janssen_inc
janssen	janssen_corp	janssen	janssen_corp
janssen	janssen_gmbh	janssen	janssen_gmbh
janssen	janssen_llc	janssen	janssen_llc
janssen	janssen_co	janssen	janssen_co
janssen	janssen_ag	janssen	janssen_ag
wyeth	wyeth_corp	wyeth	wyeth_corp
wyeth	wyeth_co	wyeth	wyeth_co
wyeth	wyeth_llc	wyeth	wyeth_llc
wyeth	wyeth_ltd	wyeth	wyeth_ltd
wyeth	wyeth_inc	wyeth	wyeth_inc
wyeth	wyeth_pharmaceuticals_inc	wyeth	wyeth_pharmaceuticals_inc¥wyeth_pharmaceutical_inc
wyeth	wyeth_pharmaceuticals	wyeth	wyeth_pharmaceutical¥wyeth_pharmaceuticals
medimmune	medimmune_llc	medimmune	medimmune_llc
medimmune	medimmune_co	medimmune	medimmune_co
medimmune	medimmune_corp	medimmune	medimmune_corp
medimmune	medimmune_ltd	medimmune	medimmune_ltd
medimmune	medimmune_plc	medimmune	medimmune_plc
medimmune	medimmune_inc	medimmune	medimmune_inc
medimmune	medimmune_limited_liability_company	medimmune	medimmune_limited_liability_company
influenza_a_h1n1_monovalent_intranasal_vaccine_live	influenza_a_h1n1_intranasal_vaccine	influenza_a_h1n1_monovalent_intranasal_vaccine_live	influenza_a_h1n1_intranasal_vaccine
barr_labs	barr	barr_labs	barr
barr_labs	barr_labs_inc	barr_labs	barr_labs_inc
adenovirus	adenovirus_type_4_and_type_7_vaccine_live_oral	adenovirus¥Adenovirus	adenovirus_type_4_and_type_7_vaccine_live_oral
merck	merck_gmbh	merck	merck_gmbh
merck	merck_inc	merck	merck_inc
merck	merck_co_ltd	merck	merck_co_ltd
merck	merck_ltd	merck	merck_ltd
merck	merck_corp	merck	merck_corp
merck	merck_plc	merck	merck_plc
merck	merck_ag	merck	merck_ag
merck	merck_co	merck	merck_co
gsk_vaccines	gsk_vaccines_gmbh	gsk_vaccines	gsk_vaccines_gmbh
rubella_and_mumps_virus_vaccine_live	biavax	rubella_and_mumps_virus_vaccine_live	biavax
emergent_biodefense_operations_lansing_llc	emergent_biodefense_operations_lansing	emergent_biodefense_operations_lansing_llc	emergent_biodefense_operations_lansing
glaxosmithkline	glaxosmithkline_ag	glaxosmithkline	glaxosmithkline_ag
glaxosmithkline	glaxosmithkline_gmbh	glaxosmithkline	glaxosmithkline_gmbh
glaxosmithkline	glaxosmithkline_plc	glaxosmithkline	glaxosmithkline_plc
glaxosmithkline	glaxosmithkline_inc	glaxosmithkline	glaxosmithkline_inc
glaxosmithkline	glaxosmithkline_ltd	glaxosmithkline	glaxosmithkline_ltd
glaxosmithkline	glaxosmithkline_corp	glaxosmithkline	glaxosmithkline_corp
glaxosmithkline	glaxosmithkline_llc	glaxosmithkline	glaxosmithkline_llc
glaxosmithkline	glaxosmithkline_sas	glaxosmithkline	glaxosmithkline_sas
glaxosmithkline	glaxosmithkline_co	glaxosmithkline	glaxosmithkline_co
north_american_vaccine	north_american_vaccine_inc	north_american_vaccine	north_american_vaccine_inc
dtp	diphtheria_and_tetanus_toxoids_and_acellular_pertussis_vaccine_adsorbed_usp	dtp	diphtheria_and_tetanus_toxoids_and_acellular_pertussis_vaccine_adsorbed_usp
influenza_vaccine_live_intranasal	flumist_18_19	influenza_vaccine_live_intranasal	flumist_18_19
m_r_vax	measles_and_rubella_virus_vaccine_live	m r vax¥mrvax¥m_r_vax¥m-r-vax	measles_and_rubella_virus_vaccine_live
rubella_virus_vaccine_live	meruvax	rubella_virus_vaccine_live¥rubella virus vaccine live	meruvax
mono_vacc	tuberculin_(mono_vaccine)	mono_vacc¥mono-vacc¥monovacc¥mono vacc	tuberculin_(mono_vaccine)
mumps_virus_vaccine_live	mumpsvax	mumps_virus_vaccine_live¥mumps virus vaccine live	mumpsvax
biotest_pharmaceuticals	biotest	biotest_pharmaceuticals¥biotest_pharmaceutical	biotest
biotest_pharmaceuticals	biotest_pharma	biotest_pharmaceuticals¥biotest_pharmaceutical	biotest_pharma
pneumococcal_vaccine_polyvalent	pneumovax_23	pneumococcal_vaccine_polyvalent¥pneumococcal vaccine polyvalent	pneumovax_23¥pneumovax 23¥Pneumovax 23¥pneumovax23¥Pneumovax23
pfizer	pfizer_inc	pfizer	pfizer_inc
pfizer	pfizer_ltd	pfizer	pfizer_ltd
pfizer	pfizer_corp	pfizer	pfizer_corp
pfizer	pfizer_gmbh	pfizer	pfizer_gmbh
pfizer	pfizer_co	pfizer	pfizer_co
pfizer	pfizer_sas	pfizer	pfizer_sas
pfizer	pfizer_ag	pfizer	pfizer_ag
pfizer	pfizer_llc	pfizer	pfizer_llc
pfizer	pfizer_plc	pfizer	pfizer_plc
pfizer	pfizer_co_ltd	pfizer	pfizer_co_ltd
typhoid_vi_polysaccharide_vaccine	typhim	typhoid vi polysaccharide vaccine¥typhoid_vi_polysaccharide_vaccine	typhim
paxvax_bermuda	paxvax_bermuda_ltd	paxvax_bermuda	paxvax_bermuda_ltd
vaxelis	diphtheria_and_tetanus_toxoids_and_acellular_pertussis_adsorbed_inactivated_poliovirus_haemophilus_b_conjugate_[meningococcal_protein_conjugate]_and_hepatitis_b_[recombinant]_vaccine	vaxelis	diphtheria_and_tetanus_toxoids_and_acellular_pertussis_adsorbed_inactivated_poliovirus_haemophilus_b_conjugate_[meningococcal_protein_conjugate]_and_hepatitis_b_[recombinant]_vaccine
hepatitis_b_immune_globulin_(human)	bayhep_b	hepatitis_b_immune_globulin_human	bayhep b¥bayhep_b¥bayhepb
hepatitis_b_immune_globulin_(human)	hepagam_b	hepatitis_b_immune_globulin_human	hepagam_b¥hepagam b¥hepagamb
hepatitis_b_immune_globulin_(human)	hyperhep_b	hepatitis_b_immune_globulin_human	hyperhepb¥hyperhep_b¥hyperhep b
grifols_therapeutics	grifols_therapeutics_inc	grifols_therapeutics	grifols_therapeutics_inc
grifols_therapeutics	grifols_therapeutics_llc	grifols_therapeutics	grifols_therapeutics_llc
grifols_therapeutics	grifols	grifols_therapeutics	grifols
rabies_immune_globulin_(human)	imogam_rabies	rabies_immune_globulin_human	imogam rabies¥imogam_rabies¥imogamrabies
bayrab	rabies_immune_globulin_(human)_solvent_detergent_treated	bayrab	rabies_immune_globulin_(human)_solvent_detergent_treated
diphtheria_and_tetanus_toxoids	diphtheria_and_tetanus	diphtheriaandtetanustoxoids¥diphtheria and tetanus toxoids¥diphtheria_and_tetanus_toxoids	diphtheria_and_tetanus¥diphtheria and tetanus¥diphtheriaandtetanus
hyperrab	rabies_immune_globulin_[human])_for_intramuscular_administration	hyperrab	rabies_immune_globulin_[human])_for_intramuscular_administration
kedrab	rabies_immune_globulin_solution_for_intramuscular_injection	kedrab	rabies_immune_globulin_solution_for_intramuscular_injection
tetanus_toxoid	tetanus	tetanustoxoid¥tetanus toxoid¥tetanus_toxoid	tetanus
tuberculin_purified_protein	tubersol	tuberculin purified protein¥tuberculin_purified_protein	tubersol
gilenya	fingolimod_capsules	gilenya	fingolimod_capsules¥fingolimod capsules
aptevo_biotherapeutics	aptevo_biotherapeutics_llc	aptevo_biotherapeutics	aptevo_biotherapeutics_llc
catalent_pharma_solutions	catalent_pharma_solutions_inc	catalent_pharma_solutions¥catalent_pharma_solution	catalent_pharma_solution_inc¥catalent_pharma_solutions_inc
catalent_pharma_solutions	catalent_pharma_solutions_ltd	catalent_pharma_solutions¥catalent_pharma_solution	catalent_pharma_solutions_ltd
catalent_pharma_solutions	catalent	catalent_pharma_solutions¥catalent_pharma_solution	catalent
catalent_pharma_solutions	catalent_pharma_solutions_gmbh	catalent_pharma_solutions¥catalent_pharma_solution	catalent_pharma_solutions_gmbh
catalent_pharma_solutions	catalent_pharma	catalent_pharma_solutions¥catalent_pharma_solution	catalent_pharma
catalent_pharma_solutions	catalent_pharma_solutions_llc	catalent_pharma_solutions¥catalent_pharma_solution	catalent_pharma_solutions_llc
tpoxx	tecovirimat_capsules	tpoxx	tecovirimat capsules¥tecovirimat_capsules
forest_pharmaceuticals	forest	forest_pharmaceutical¥forest_pharmaceuticals	forest
forest_pharmaceuticals	forest_pharma	forest_pharmaceutical¥forest_pharmaceuticals	forest_pharma
forest_pharmaceuticals	forest_pharmaceuticals_inc	forest_pharmaceutical¥forest_pharmaceuticals	forest_pharmaceuticals_inc
rimantadine	flumadine	rimantadine	flumadine
oseltamivir_phosphate	tamiflu	oseltamivir phosphate¥oseltamivirphosphate¥oseltamivir_phosphate	tamiflu
gamastan	immune_globulin_(human)_for_injection	gamastan	immune_globulin_(human)_for_injection
addmedica	addmedica_sas	addmedica	addmedica_sas
siklos	hydroxyurea_tablets_for_oral_use	siklos	hydroxyurea_tablets_for_oral_use
bayer	bayer_plc	bayer	bayer_plc
bayer	bayer_corp	bayer	bayer_corp
bayer	bayer_llc	bayer	bayer_llc
bayer	bayer_inc	bayer	bayer_inc
bayer	bayer_ltd	bayer	bayer_ltd
bayer	bayer_co_ltd	bayer	bayer_co_ltd
bayer	bayer_co	bayer	bayer_co
bayer	bayer_gmbh	bayer	bayer_gmbh
bayer	bayer_sas	bayer	bayer_sas
bayer	bayer_ag	bayer	bayer_ag
baytet	tetanus_immune_globulin_(human)	baytet	tetanus_immune_globulin_human
h1n1_vaccine	influenza_a_h1n1_intranasal_vaccine	h1n1_vaccine	influenza_a_h1n1_intranasal_vaccine
h1n1_vaccine	influenza_a_h1n1_monovalent_vaccine	h1n1_vaccine	influenza_a_h1n1_monovalent_vaccine
h1n1_vaccine	influenza_a_h1n1_monovalent_intranasal_vaccine_live	h1n1_vaccine	influenza_a_h1n1_monovalent_intranasal_vaccine_live
h1n1_vaccine	h1n1	h1n1_vaccine	h1n1
premalignant_ano_genital_lesions_cervical_cancer_anal_cancer_vaccine	cervarix	premalignant_ano_genital_lesions_cervical_cancer_anal_cancer_vaccine	cervarix
premalignant_ano_genital_lesions_cervical_cancer_anal_cancer_vaccine	human_papillomavirus_bivalent_vaccine	premalignant_ano_genital_lesions_cervical_cancer_anal_cancer_vaccine	human papillomavirus bivalent vaccine¥human_papillomavirus_bivalent_vaccine
premalignant_ano_genital_lesions_cervical_cancer_anal_cancer_vaccine	premalignant_ano_genital_lesions_cervical_cancer_anal_cancer	premalignant_ano_genital_lesions_cervical_cancer_anal_cancer_vaccine	premalignant_ano_genital_lesions_cervical_cancer_anal_cancer
dengue_vaccine	dengvaxia	dengue_vaccine	dengvaxia
dengue_vaccine	dengue_tetravalent_vaccine_live	dengue_vaccine	dengue_tetravalent_vaccine_live
dengue_vaccine	dengue	dengue_vaccine	dengue
hepatitis_b_vaccine	heplisav_b	hepatitis_b_vaccine	heplisav-b¥heplisav b¥heplisavb¥heplisav_b
hepatitis_b_vaccine	engerix_b	hepatitis_b_vaccine	engerix b¥engerix-b¥engerixb¥engerix_b
hepatitis_b_vaccine	hepagam_b	hepatitis_b_vaccine	hepagam_b¥hepagam b¥hepagamb
hepatitis_b_vaccine	hepatitis_b_vaccine_solution_for_intramuscular_injection	hepatitis_b_vaccine	hepatitis_b_vaccine_solution_for_intramuscular_injection
hepatitis_b_vaccine	hepatitis_b_vaccine_recombinant	hepatitis_b_vaccine	hepatitis_b_vaccine_(recombinant)¥hepatitis_b_vaccine_recombinant¥hepatitis b vaccine (recombinant)¥hepatitis b vaccine recombinant
hepatitis_b_vaccine	hepatitis_b_immune_globulin_(human)	hepatitis_b_vaccine	hepatitis_b_immune_globulin_human
hepatitis_b_vaccine	hepatitis_b	hepatitis_b_vaccine	hepatitis_b
hepatitis_b_vaccine	recombivax_hb	hepatitis_b_vaccine	recombivaxhb¥recombivax hb¥recombivax_hb
hepatitis_b_vaccine	hepb	hepatitis_b_vaccine	hepb
hepatitis_b_vaccine	recombivax	hepatitis_b_vaccine	recombivax
hepatitis_b_vaccine	bayhep_b	hepatitis_b_vaccine	bayhep b¥bayhep_b¥bayhepb
hepatitis_b_vaccine	hyperhep_b	hepatitis_b_vaccine	hyperhepb¥hyperhep_b¥hyperhep b
hepatitis_b_vaccine	nabi_hb	hepatitis_b_vaccine	nabi hb¥nabi_hb¥nabi-hb¥nabihb
hepatitis_b_vaccine	heaptitis_b_vaccine	hepatitis_b_vaccine	heaptitis_b_vaccine
hepatitis_b_vaccine	heaptitis_b	hepatitis_b_vaccine	heaptitis_b
cervical_cancer_vaccine	gardasil_9	cervical_cancer_vaccine	gardasil_9¥gardasil 9¥gardasil9
cervical_cancer_vaccine	gardasil	cervical_cancer_vaccine	gardasil
cervical_cancer_vaccine	quadrivalent_human_papillomavirus_(types_6_11_16_18)_recombinant_vaccine	cervical_cancer_vaccine	quadrivalent_human_papillomavirus_(types_6_11_16_18)_recombinant_vaccine
cervical_cancer_vaccine	human_papillomavirus_9_valent_vaccine_recombinant_sterile_suspension_for_intramuscular_administration	cervical_cancer_vaccine	human_papillomavirus_9_valent_vaccine_recombinant_sterile_suspension_for_intramuscular_administration
cervical_cancer_vaccine	cervical_cancer	cervical_cancer_vaccine	cervical_cancer
measles_rubella_mumps_vaccine	m_m_r_ii	measles_rubella_mumps_vaccine	m-m-r ii¥m_m_rii¥mmrii¥m_m_r_ii¥m m r ii¥m_m_r ii¥mmr ii¥mmr_ii¥m-m-rii
measles_rubella_mumps_vaccine	measles_mumps_and_rubella_virus_vaccine_live	measles_rubella_mumps_vaccine	measles_mumps_and_rubella_virus_vaccine_live
measles_rubella_mumps_vaccine	measles_rubella_mumps	measles_rubella_mumps_vaccine	measles_rubella_mumps
haemophilus_influenzae_type_b_meningococcal_vaccine	menhibrix	haemophilus_influenzae_type_b_meningococcal_vaccine	menhibrix
haemophilus_influenzae_type_b_meningococcal_vaccine	meningococcal_groups_c_and_y_and_haemophilus_b_tetanus_toxoid_conjugate_vaccine	haemophilus_influenzae_type_b_meningococcal_vaccine	meningococcal_groups_c_and_y_and_haemophilus_b_tetanus_toxoid_conjugate_vaccine
haemophilus_influenzae_type_b_meningococcal_vaccine	haemophilus_influenzae_type_b_meningococcal	haemophilus_influenzae_type_b_meningococcal_vaccine	haemophilus_influenzae_type_b_meningococcal
tuberculosis_vaccine	mono_vacc	tuberculosis_vaccine	mono_vacc¥mono-vacc¥monovacc¥mono vacc
tuberculosis_vaccine	tice	tuberculosis_vaccine	tice
tuberculosis_vaccine	tubersol	tuberculosis_vaccine	tubersol
tuberculosis_vaccine	tuberculin_(mono_vaccine)	tuberculosis_vaccine	tuberculin_(mono_vaccine)
tuberculosis_vaccine	bacillus_of_calmette_and_guerin	tuberculosis_vaccine	bacillus_of_calmette_and_guerin¥bacillus of calmette and guerin
tuberculosis_vaccine	tuberculin_purified_protein	tuberculosis_vaccine	tuberculin purified protein¥tuberculin_purified_protein
tuberculosis_vaccine	tuberculosis	tuberculosis_vaccine	tuberculosis
diphtheria_tetanus_acellular_pertussis_heaptitis_b_polio_vaccine	pediarix	diphtheria_tetanus_acellular_pertussis_heaptitis_b_polio_vaccine	pediarix
diphtheria_tetanus_acellular_pertussis_heaptitis_b_polio_vaccine	diphtheria_tetanus_toxoids_and_acellular_pertussis_adsorbed_hepatitis_b_and_inactivated_poliovirus_vaccine	diphtheria_tetanus_acellular_pertussis_heaptitis_b_polio_vaccine	diphtheria_tetanus_toxoids_and_acellular_pertussis_adsorbed_hepatitis_b_and_inactivated_poliovirus_vaccine
diphtheria_tetanus_acellular_pertussis_heaptitis_b_polio_vaccine	diphtheria_tetanus_acellular_pertussis_heaptitis_b_polio	diphtheria_tetanus_acellular_pertussis_heaptitis_b_polio_vaccine	diphtheria_tetanus_acellular_pertussis_heaptitis_b_polio
pneumococcal_vaccine	prevnar_13	pneumococcal_vaccine	prevnar_13¥prevnar 13¥prevnar13
pneumococcal_vaccine	pneumovax_23	pneumococcal_vaccine	pneumovax23¥pneumovax_23¥pneumovax 23
pneumococcal_vaccine	prevnar	pneumococcal_vaccine	prevnar
pneumococcal_vaccine	pneumococcal_13_valent_conjugate_vaccine_[diphtheria_crm197_protein]_suspension_for_intramuscular_injection	pneumococcal_vaccine	pneumococcal_13_valent_conjugate_vaccine_[diphtheria_crm197_protein]_suspension_for_intramuscular_injection
pneumococcal_vaccine	pneumococcal_7_valent_conjugate	pneumococcal_vaccine	pneumococcal 7 valent conjugate¥pneumococcal 7-valent conjugate¥pneumococcal 7_valent conjugate¥pneumococcal_7_valent_conjugate
pneumococcal_vaccine	pneumococcal_vaccine_polyvalent	pneumococcal_vaccine	pneumococcal_vaccine_polyvalent¥pneumococcal vaccine polyvalent
pneumococcal_vaccine	pneumococcal	pneumococcal_vaccine	pneumococcal
pneumococcal_vaccine	pcv13	pneumococcal_vaccine	pcv13
pneumococcal_vaccine	ppsv23	pneumococcal_vaccine	ppsv23
measles_rubella_mumps_vaircella_vaccine	proquad	measles_rubella_mumps_vaircella_vaccine	proquad
measles_rubella_mumps_vaircella_vaccine	measles_mumps_rubella_varicella_vaccine_live	measles_rubella_mumps_vaircella_vaccine	measles_mumps_rubella_varicella_vaccine_live
measles_rubella_mumps_vaircella_vaccine	measles_rubella_mumps_vaircella	measles_rubella_mumps_vaircella_vaccine	measles_rubella_mumps_vaircella
hepatitis_a_hepatitis_b_vaccine	twinrix	hepatitis_a_hepatitis_b_vaccine	twinrix
hepatitis_a_hepatitis_b_vaccine	hepatitis_a_inactivated_&_hepatitis_b_(recombinant)_vaccine	hepatitis_a_hepatitis_b_vaccine	hepatitis_a_inactivated_&_hepatitis_b_(recombinant)_vaccine
hepatitis_a_hepatitis_b_vaccine	hepatitis_a_hepatitis_b	hepatitis_a_hepatitis_b_vaccine	hepatitis_a_hepatitis_b
hepatitis_a_hepatitis_b_vaccine	hepa_hepb	hepatitis_a_hepatitis_b_vaccine	hepa_hepb
tetanus_vaccine	tetanus_toxoid_adsorbed	tetanus_vaccine	tetanus toxoid adsorbed¥tetanus_toxoid_adsorbed
tetanus_vaccine	baytet	tetanus_vaccine	baytet
tetanus_vaccine	pentacel	tetanus_vaccine	pentacel
tetanus_vaccine	tetanus	tetanus_vaccine	tetanus
tetanus_vaccine	tetanus_toxoid_conjugate	tetanus_vaccine	tetanus toxoid conjugate¥tetanus_toxoid_conjugate
tetanus_vaccine	tetanus_immune_globulin_(human)	tetanus_vaccine	tetanus_immune_globulin_human
tetanus_vaccine	tetanus_toxoid	tetanus_vaccine	tetanustoxoid¥tetanus toxoid¥tetanus_toxoid
diphtheria_tetanus_acellular_pertussis_hepatitis_b_poliomyelitis_haemophilus_influenzae_vaccine	infanrix_hexa	diphtheria_tetanus_acellular_pertussis_hepatitis_b_poliomyelitis_haemophilus_influenzae_vaccine	infanrix hexa¥infanrixhexa¥infanrix_hexa
diphtheria_tetanus_acellular_pertussis_hepatitis_b_poliomyelitis_haemophilus_influenzae_vaccine	combined_diphtheria_tetanus_toxoids_acellular_pertussis_hepatitis_b_inactivated_poliomyelitis_adsorbed_conjugated_haemophilus_influenzae	diphtheria_tetanus_acellular_pertussis_hepatitis_b_poliomyelitis_haemophilus_influenzae_vaccine	combined_diphtheria_tetanus_toxoids_acellular_pertussis_hepatitis_b_inactivated_poliomyelitis_adsorbed_conjugated_haemophilus_influenzae
diphtheria_tetanus_acellular_pertussis_hepatitis_b_poliomyelitis_haemophilus_influenzae_vaccine	diphtheria_tetanus_acellular_pertussis_hepatitis_b_poliomyelitis_haemophilus_influenzae	diphtheria_tetanus_acellular_pertussis_hepatitis_b_poliomyelitis_haemophilus_influenzae_vaccine	diphtheria_tetanus_acellular_pertussis_hepatitis_b_poliomyelitis_haemophilus_influenzae
diphtheria_tetanus_vaccine	tenivac	diphtheria_tetanus_vaccine	tenivac
diphtheria_tetanus_vaccine	diphtheria_tetanus	diphtheria_tetanus_vaccine	diphtheria_tetanus¥diphtheria_and_tetanus¥diphtheria and tetanus¥diphtheriaandtetanus
diphtheria_tetanus_vaccine	diphtheria_and_tetanus_toxoids	diphtheria_tetanus_vaccine	diphtheriaandtetanustoxoids¥diphtheria and tetanus toxoids¥diphtheria_and_tetanus_toxoids
diphtheria_tetanus_vaccine	tetanus_and_diphtheria_toxoids_adsorbed	diphtheria_tetanus_vaccine	tetanus_and_diphtheria_toxoids_adsorbed¥tetanus and diphtheria toxoids adsorbed
sclerosis_vaccine	gilenya	sclerosis_vaccine	gilenya
sclerosis_vaccine	fingolimod_capsules	sclerosis_vaccine	fingolimod_capsules¥fingolimod capsules
sclerosis_vaccine	sclerosis	sclerosis_vaccine	sclerosis
influenza_a_vaccine	flumadine	influenza_a_vaccine	flumadine
influenza_a_vaccine	rimantadine	influenza_a_vaccine	rimantadine
influenza_a_vaccine	influenza_a	influenza_a_vaccine	influenza_a
influenza_a_influenza_b_vaccine	tamiflu	influenza_a_influenza_b_vaccine	tamiflu
influenza_a_influenza_b_vaccine	oseltamivir_phosphate	influenza_a_influenza_b_vaccine	oseltamivir phosphate¥oseltamivirphosphate¥oseltamivir_phosphate
influenza_a_influenza_b_vaccine	influenza_a_influenza_b	influenza_a_influenza_b_vaccine	influenza_a_influenza_b
hav_measles_vaccine	gamastan	hav_measles_vaccine	gamastan
hav_measles_vaccine	immune_globulin_(human)_for_injection	hav_measles_vaccine	immune_globulin_(human)_for_injection
hav_measles_vaccine	hav_measles	hav_measles_vaccine	hav_measles
chronic_myeloid_leukemia_ovarian_cancer_vaccine	siklos	chronic_myeloid_leukemia_ovarian_cancer_vaccine	siklos
chronic_myeloid_leukemia_ovarian_cancer_vaccine	hydroxyurea_tablets_for_oral_use	chronic_myeloid_leukemia_ovarian_cancer_vaccine	hydroxyurea_tablets_for_oral_use
chronic_myeloid_leukemia_ovarian_cancer_vaccine	chronic_myeloid_leukemia_ovarian_cancer	chronic_myeloid_leukemia_ovarian_cancer_vaccine	chronic_myeloid_leukemia_ovarian_cancer
poliovirus_vaccine_inactivated_(human_diploid_cell)	poliovax	poliovirus_vaccine_inactivated_(human_diploid_cell)	poliovax
japanese_encephalitis_vaccine_inactivated_adsorbed	ixiaro	japanese_encephalitis_vaccine_inactivated_adsorbed	ixiaro
valneva_austria_gmbh	valneva_austria	valneva_austria_gmbh	valneva_austria
menactra	meningococcal_(groups_a_c_y_and_w_135)_polysaccharide_diphtheria_toxoid_conjugate_vaccine	menactra	meningococcal_(groups_a_c_y_and_w_135)_polysaccharide_diphtheria_toxoid_conjugate_vaccine
influenza_a_(h5n1)_monovalent_vaccine_adjuvanted	audenz	influenza_a_(h5n1)_monovalent_vaccine_adjuvanted	audenz
prevnar_13	pneumococcal_13_valent_conjugate_vaccine_(diphtheria_crm	prevnar_13	pneumococcal_13_valent_conjugate_vaccine_(diphtheria_crm
cholera_vaccine_live_oral	vaxchora	cholera_vaccine_live_oral	vaxchora
merck_sharp_&_dohme_corp	merck_sharp_&_dohme_corporation	merck_sharp_and_dohme_corp¥merck_sharp_dohme_corp	merck_sharp_dohme_corporation¥merck_sharp_and_dohme_corporation
merck_sharp_&_dohme_corp	merck_sharp_&_dohme	merck_sharp_and_dohme_corp¥merck_sharp_dohme_corp	merck_sharp_dohme¥merck_sharp_and_dohme¥merck_sharp_&_dohme
boostrix	tetanus_toxoid_reduced_diphtheria_toxoid_and_acellular_pertussis_vaccine_adsorbed	boostrix	tetanus_toxoid_reduced_diphtheria_toxoid_and_acellular_pertussis_vaccine_adsorbed
influenza_vaccine_adjuvanted	fluad	influenza_vaccine_adjuvanted	fluad
influenza_vaccine_adjuvanted	fluad_quadrivalent	influenza_vaccine_adjuvanted	fluad_quadrivalent
haemophilus_b_conjugate_vaccine_(tetanus_toxoid_conjugate)	hiberix	haemophilus_b_conjugate_vaccine_tetanus_toxoid_conjugate	hiberix
haemophilus_b_conjugate_vaccine_(tetanus_toxoid_conjugate)	acthib	haemophilus_b_conjugate_vaccine_tetanus_toxoid_conjugate	acthib
tenivac	tetanus_and_diphtheria_toxoids_adsorbed_for_adult_use	tenivac	tetanus_and_diphtheria_toxoids_adsorbed_for_adult_use
influenza_virus_vaccine	fluzone_fluzone_high_dose_and_fluzone_intradermal	influenza_virus_vaccine	fluzone_fluzone_high_dose_and_fluzone_intradermal
organon_teknika_corp_llc	organon_teknika_corp	organon_teknika_corp_llc	organon_teknika_corp
seqirus_pty_ltd	seqirus_pty	seqirus_pty_ltd	seqirus_pty
shingrix	zoster_vaccine_recombinant_adjuvanted	shingrix	zoster_vaccine_recombinant_adjuvanted
seqirus_vaccines_limited	seqirus_vaccines	seqirus_vaccines_limited	seqirus_vaccines
seqirus_vaccines_limited	seqirus_vaccines_ltd	seqirus_vaccines_limited	seqirus_vaccines_ltd
influenza_a_(h1n1)_2009_monovalent_vaccine_(medimmune_llc)	influenza_a_(h1n1)_2009_monovalent_vaccine	influenza_a_(h1n1)_2009_monovalent_vaccine_(medimmune_llc)	influenza_a_(h1n1)_2009_monovalent_vaccine
diphtheria_and_tetanus_toxoids_and_acellular_pertussis_vaccine_adsorbed	daptacel	diphtheria_and_tetanus_toxoids_and_acellular_pertussis_vaccine_adsorbed	daptacel
diphtheria_and_tetanus_toxoids_and_acellular_pertussis_vaccine_adsorbed	infanrix	diphtheria_and_tetanus_toxoids_and_acellular_pertussis_vaccine_adsorbed	infanrix
emergent_product_development_gaithersburg_inc	emergent_product_development_gaithersburg	emergent_product_development_gaithersburg_inc	emergent_product_development_gaithersburg
pediarix	diphtheria_and_tetanus_toxoids_and_acellular_pertussis_adsorbed_hepatitis_b_(recombinant)_and_inactivated_poliovirus_vaccine_combined	pediarix	diphtheria_and_tetanus_toxoids_and_acellular_pertussis_adsorbed_hepatitis_b_(recombinant)_and_inactivated_poliovirus_vaccine_combined
influenza_a_(h1n1)_2009_monovalent_vaccine_(novartis_vaccines_and_diagnostics_limited)	influenza_a_(h1n1)_2009_monovalent_vaccine	influenza_a_(h1n1)_2009_monovalent_vaccine_(novartis_vaccines_and_diagnostics_limited)	influenza_a_(h1n1)_2009_monovalent_vaccine
menomune_a_c_y_w_135	meningococcal_polysaccharide_vaccine_groups_a_c_y_w_135_combined	menomune_a_c_y_w_135	meningococcal_polysaccharide_vaccine_groups_a_c_y_w_135_combined
influenza_a_(h1n1)_2009_monovalent_vaccine_(sanofi_pasteur_inc_)	influenza_a_(h1n1)_2009_monovalent_vaccine	influenza_a_(h1n1)_2009_monovalent_vaccine_(sanofi_pasteur_inc_)	influenza_a_(h1n1)_2009_monovalent_vaccine
ervebo	ebola_zaire_vaccine_live	ervebo	ebola_zaire_vaccine_live
pneumovax_23_pneumococcal_vaccine_polyvalent	pneumococcal_vaccine_polyvalent	pneumovax_23_pneumococcal_vaccine_polyvalent	pneumococcal_vaccine_polyvalent
pneumovax_23_pneumococcal_vaccine_polyvalent	pneumovax®_23	pneumovax_23_pneumococcal_vaccine_polyvalent	pneumovax®_23
influenza_virus_vaccine_h5n1_(for_national_stockpile)	influenza_virus_vaccine_h5n1	influenza_virus_vaccine_h5n1_(for_national_stockpile)	influenza_virus_vaccine_h5n1
human_papillomavirus_9_valent_vaccine_recombinant	gardasil_9	human_papillomavirus_9_valent_vaccine_recombinant	gardasil_9
kinrix	diphtheria_and_tetanus_toxoids_and_acellular_pertussis_adsorbed_and_inactivated_poliovirus_vaccine	kinrix	diphtheria_and_tetanus_toxoids_and_acellular_pertussis_adsorbed_and_inactivated_poliovirus_vaccine
gardasil	human_papillomavirus_quadrivalent_(types_6_11_16_18)_vaccine_recombinant	gardasil	human_papillomavirus_quadrivalent_(types_6_11_16_18)_vaccine_recombinant
measles_mumps_and_rubella_virus_vaccine_live	m_m_r_ii	measles_mumps_and_rubella_virus_vaccine_live	m_m_r_ii
typhoid_vaccine_live_oral_ty21a	vivotif	typhoid_vaccine_live_oral_ty21a	vivotif
hepatitis_b_vaccine_(recombinant)	recombivax_hb	hepatitis_b_vaccine_recombinant¥hepatitis_b_vaccine_(recombinant)	recombivax_hb
haemophilus_b_conjugate_vaccine_(meningococcal_protein_conjugate)	liquid_pedvaxhib	haemophilus_b_conjugate_vaccine_meningococcal_protein_conjugate	liquid_pedvaxhib
jynneos	smallpox_and_monkeypox_vaccine_live_non_replicating	jynneos	smallpox_and_monkeypox_vaccine_live_non_replicating
menquadfi	meningococcal_(groups_a_c_y_w)_conjugate_vaccine	menquadfi	meningococcal_(groups_a_c_y_w)_conjugate_vaccine
rotavirus_vaccine_live_oral	rotarix	rotavirus_vaccine_live_oral	rotarix
tetanus_and_diphtheria_toxoids_adsorbed	tdvax	tetanus_and_diphtheria_toxoids_adsorbed	tdvax
menveo	meningococcal_(groups_a_c_y_and_w_135)_oligosaccharide_diphtheria_crm197_conjugate_vaccine	menveo	meningococcal_(groups_a_c_y_and_w_135)_oligosaccharide_diphtheria_crm197_conjugate_vaccine
glaxosmithkline_biologicals_sa	glaxosmithkline_biologicals_sa_corp	glaxosmithkline_biologicals_sa	glaxosmithkline_biologicals_sa_corp
anthrax_vaccine_adsorbed	biothrax	anthrax_vaccine_adsorbed	biothrax
heplisav_b	hepatitis_b_vaccine_(recombinant)_adjuvanted	heplisav_b	hepatitis_b_vaccine_(recombinant)_adjuvanted
vaxelis	diphtheria_and_tetanus_toxoids_and_acellular_pertussis_vaccine_adsorbed_inactivated_poliovirus_haemophilus_b_conjugate_and_hepatitis_b_vaccine	vaxelis	diphtheria_and_tetanus_toxoids_and_acellular_pertussis_vaccine_adsorbed_inactivated_poliovirus_haemophilus_b_conjugate_and_hepatitis_b_vaccine
msp_vaccine_company	msp_vaccine	msp_vaccine_company	msp_vaccine
measles_mumps_rubella_and_varicella_virus_vaccine_live	proquad	measles_mumps_rubella_and_varicella_virus_vaccine_live	proquad
merck_sharpe_&_dohme_corp	merck_sharpe_&_dohme	merck_sharpe_and_dohme_corp	merck_sharpe_dohme¥merck_sharpe_and_dohme
cervarix	human_papillomavirus_bivalent_(types_16_and_18)_vaccine_recombinant	cervarix	human_papillomavirus_bivalent_(types_16_and_18)_vaccine_recombinant
pentacel	diphtheria_and_tetanus_toxoids_and_acellular_pertussis_adsorbed_inactivated_poliovirus_and_haemophilus_b_conjugate_(tetanus_toxoid_conjugate)_vaccine	pentacel	diphtheria_and_tetanus_toxoids_and_acellular_pertussis_adsorbed_inactivated_poliovirus_and_haemophilus_b_conjugate_(tetanus_toxoid_conjugate)_vaccine
ipol_poliovirus_vaccine_inactivated_(monkey_kidney_cell)	ipol	ipol_poliovirus_vaccine_inactivated_(monkey_kidney_cell)	ipol
ipol_poliovirus_vaccine_inactivated_(monkey_kidney_cell)	poliovirus_vaccine_inactivated_(monkey_kidney_cell)	ipol_poliovirus_vaccine_inactivated_(monkey_kidney_cell)	poliovirus_vaccine_inactivated_(monkey_kidney_cell)
influenza_a_(h1n1)_2009_monovalent_vaccine_(csl_limited)	influenza_a_(h1n1)_2009_monovalent_vaccine	influenza_a_(h1n1)_2009_monovalent_vaccine_(csl_limited)	influenza_a_(h1n1)_2009_monovalent_vaccine
influenza_a_(h1n1)_2009_monovalent_vaccine_(id_biomedical_corporation_of_quebec)	influenza_a_(h1n1)_2009_monovalent_vaccine	influenza_a_(h1n1)_2009_monovalent_vaccine_(id_biomedical_corporation_of_quebec)	influenza_a_(h1n1)_2009_monovalent_vaccine
diphtheria_and_tetanus_toxoids_adsorbed	diphtheria_and_tetanus_toxoid_adsorbed	diphtheria_and_tetanus_toxoids_adsorbed	diphtheria_and_tetanus_toxoid_adsorbed
pneumococcal_20_valent_conjugate_vaccine	prevnar_20	pneumococcal_20_valent_conjugate_vaccine	prevnar_20
wyeth_pharmaceuticals_llc	wyeth_pharmaceuticals	wyeth_pharmaceuticals_llc	wyeth_pharmaceutical¥wyeth_pharmaceuticals
hib_(prp_t)	pedvaxhib	hib_prp_t¥hib_(prp_t)	pedvaxhib
hib_(prp_t)	hiberix	hib_prp_t¥hib_(prp_t)	hiberix
hib_(prp_t)	acthib	hib_prp_t¥hib_(prp_t)	acthib
hib_(prp_t)	hib_(prp_omp)	hib_prp_t¥hib_(prp_t)	hib_(prp_omp)¥hib_prp_omp
hib_(prp_t)	haemophilus_influenzaetype_b_(hib)_vaccine	hib_prp_t¥hib_(prp_t)	haemophilus_influenzaetype_b_(hib)_vaccine
hib_(prp_t)	haemophilus_influenzaetype_b_(hib)	hib_prp_t¥hib_(prp_t)	haemophilus_influenzaetype_b_(hib)
herpes_zoster_vaccine	shingrix	herpes_zoster_vaccine	shingrix
herpes_zoster_vaccine	zostavax	herpes_zoster_vaccine	zostavax
herpes_zoster_vaccine	herpes_zoster	herpes_zoster_vaccine	herpes_zoster
9vhpv	gardasil_9	9vhpv	gardasil_9¥gardasil 9¥gardasil9
9vhpv	human_papillomavirus_(hpv)_vaccine	9vhpv	human_papillomavirus_hpv_vaccine¥human_papillomavirus_(hpv)_vaccine
9vhpv	human_papillomavirus_(hpv)	9vhpv	human_papillomavirus_(hpv)¥human_papillomavirus_hpv
dtap_hepb_ipv	pediarix	dtap_hepb_ipv	pediarix
dtap_hepb_ipv	diphtheria_tetanus_pertussis_hepatitis_b_polio_vaccine	dtap_hepb_ipv	diphtheria_tetanus_pertussis_hepatitis_b_polio_vaccine
dtap_hepb_ipv	diphtheria_tetanus_pertussis_hepatitis_b_polio	dtap_hepb_ipv	diphtheria_tetanus_pertussis_hepatitis_b_polio
